window,freq,count,growth,GLD,BND,IGV,VDC,SOCL,IHF,IYZ,XOM,BUYING_POWER
14,window,1,0.1324894719873857,0.0,0.5315240271793514,0.0,0.1223238620006025,0.106902158876945,0.07621497518233451,0.0,0.1630349767607667,0.0
14,window,2,0.1324894719873857,0.0,0.5315240271793514,0.0,0.1223238620006025,0.106902158876945,0.07621497518233451,0.0,0.1630349767607667,0.0
14,window,3,0.1324894719873857,0.0,0.5315240271793514,0.0,0.1223238620006025,0.106902158876945,0.07621497518233451,0.0,0.1630349767607667,0.0
14,window,4,0.1324894719873857,0.0,0.5315240271793514,0.0,0.1223238620006025,0.106902158876945,0.07621497518233451,0.0,0.1630349767607667,0.0
14,window,5,0.1324894719873857,0.0,0.5315240271793514,0.0,0.1223238620006025,0.106902158876945,0.07621497518233451,0.0,0.1630349767607667,0.0
14,window,6,0.1324894719873857,0.0,0.5315240271793514,0.0,0.1223238620006025,0.106902158876945,0.07621497518233451,0.0,0.1630349767607667,0.0
14,window,7,0.1324894719873857,0.0,0.5315240271793514,0.0,0.1223238620006025,0.106902158876945,0.07621497518233451,0.0,0.1630349767607667,0.0
14,window,8,0.1324894719873857,0.0,0.5315240271793514,0.0,0.1223238620006025,0.106902158876945,0.07621497518233451,0.0,0.1630349767607667,0.0
14,window,9,0.1324894719873857,0.0,0.5315240271793514,0.0,0.1223238620006025,0.106902158876945,0.07621497518233451,0.0,0.1630349767607667,0.0
14,window,10,0.1324894719873857,0.0,0.5315240271793514,0.0,0.1223238620006025,0.106902158876945,0.07621497518233451,0.0,0.1630349767607667,0.0
14,window,11,0.1324894719873857,0.0,0.5315240271793514,0.0,0.1223238620006025,0.106902158876945,0.07621497518233451,0.0,0.1630349767607667,0.0
14,window,12,0.1324894719873857,0.0,0.5315240271793514,0.0,0.1223238620006025,0.106902158876945,0.07621497518233451,0.0,0.1630349767607667,0.0
14,window,13,0.1324894719873857,0.0,0.5315240271793514,0.0,0.1223238620006025,0.106902158876945,0.07621497518233451,0.0,0.1630349767607667,0.0
14,window,14,0.1324894719873857,0.0,0.5315240271793514,0.0,0.1223238620006025,0.106902158876945,0.07621497518233451,0.0,0.1630349767607667,0.0
14,window,15,0.1324894719873857,0.2202064252854226,0.2087557581878554,0.0,0.0,0.1170474645435534,0.05567144845227637,0.1483189035308922,0.0,0.25
14,window,16,0.1324894719873857,0.2202064252854226,0.2087557581878554,0.0,0.0,0.1170474645435534,0.05567144845227637,0.1483189035308922,0.0,0.25
14,window,17,0.1324894719873857,0.2202064252854226,0.2087557581878554,0.0,0.0,0.1170474645435534,0.05567144845227637,0.1483189035308922,0.0,0.25
14,window,18,0.1324894719873857,0.2202064252854226,0.2087557581878554,0.0,0.0,0.1170474645435534,0.05567144845227637,0.1483189035308922,0.0,0.25
14,window,19,0.1324894719873857,0.2202064252854226,0.2087557581878554,0.0,0.0,0.1170474645435534,0.05567144845227637,0.1483189035308922,0.0,0.25
14,window,20,0.1324894719873857,0.2202064252854226,0.2087557581878554,0.0,0.0,0.1170474645435534,0.05567144845227637,0.1483189035308922,0.0,0.25
14,window,21,0.1324894719873857,0.2202064252854226,0.2087557581878554,0.0,0.0,0.1170474645435534,0.05567144845227637,0.1483189035308922,0.0,0.25
14,window,22,0.1324894719873857,0.2202064252854226,0.2087557581878554,0.0,0.0,0.1170474645435534,0.05567144845227637,0.1483189035308922,0.0,0.25
14,window,23,0.1324894719873857,0.2202064252854226,0.2087557581878554,0.0,0.0,0.1170474645435534,0.05567144845227637,0.1483189035308922,0.0,0.25
14,window,24,0.1324894719873857,0.2202064252854226,0.2087557581878554,0.0,0.0,0.1170474645435534,0.05567144845227637,0.1483189035308922,0.0,0.25
14,window,25,0.1324894719873857,0.2202064252854226,0.2087557581878554,0.0,0.0,0.1170474645435534,0.05567144845227637,0.1483189035308922,0.0,0.25
14,window,26,0.1324894719873857,0.2202064252854226,0.2087557581878554,0.0,0.0,0.1170474645435534,0.05567144845227637,0.1483189035308922,0.0,0.25
14,window,27,0.1324894719873857,0.2202064252854226,0.2087557581878554,0.0,0.0,0.1170474645435534,0.05567144845227637,0.1483189035308922,0.0,0.25
14,window,28,0.1324894719873857,0.2202064252854226,0.2087557581878554,0.0,0.0,0.1170474645435534,0.05567144845227637,0.1483189035308922,0.0,0.25
14,window,29,0.1324894719873857,0.536021657606642,0.04412795711629439,0.0,0.08557125344300714,0.0,0.02435915304710269,0.005218563485320843,0.05470141530163286,0.25
14,window,30,0.1324894719873857,0.536021657606642,0.04412795711629439,0.0,0.08557125344300714,0.0,0.02435915304710269,0.005218563485320843,0.05470141530163286,0.25
14,window,31,0.1324894719873857,0.536021657606642,0.04412795711629439,0.0,0.08557125344300714,0.0,0.02435915304710269,0.005218563485320843,0.05470141530163286,0.25
14,window,32,0.1324894719873857,0.536021657606642,0.04412795711629439,0.0,0.08557125344300714,0.0,0.02435915304710269,0.005218563485320843,0.05470141530163286,0.25
14,window,33,0.1324894719873857,0.536021657606642,0.04412795711629439,0.0,0.08557125344300714,0.0,0.02435915304710269,0.005218563485320843,0.05470141530163286,0.25
14,window,34,0.1324894719873857,0.536021657606642,0.04412795711629439,0.0,0.08557125344300714,0.0,0.02435915304710269,0.005218563485320843,0.05470141530163286,0.25
14,window,35,0.1324894719873857,0.536021657606642,0.04412795711629439,0.0,0.08557125344300714,0.0,0.02435915304710269,0.005218563485320843,0.05470141530163286,0.25
14,window,36,0.1324894719873857,0.536021657606642,0.04412795711629439,0.0,0.08557125344300714,0.0,0.02435915304710269,0.005218563485320843,0.05470141530163286,0.25
14,window,37,0.1324894719873857,0.536021657606642,0.04412795711629439,0.0,0.08557125344300714,0.0,0.02435915304710269,0.005218563485320843,0.05470141530163286,0.25
14,window,38,0.1324894719873857,0.536021657606642,0.04412795711629439,0.0,0.08557125344300714,0.0,0.02435915304710269,0.005218563485320843,0.05470141530163286,0.25
14,window,39,0.1324894719873857,0.536021657606642,0.04412795711629439,0.0,0.08557125344300714,0.0,0.02435915304710269,0.005218563485320843,0.05470141530163286,0.25
14,window,40,0.1324894719873857,0.536021657606642,0.04412795711629439,0.0,0.08557125344300714,0.0,0.02435915304710269,0.005218563485320843,0.05470141530163286,0.25
14,window,41,0.1324894719873857,0.536021657606642,0.04412795711629439,0.0,0.08557125344300714,0.0,0.02435915304710269,0.005218563485320843,0.05470141530163286,0.25
14,window,42,0.1324894719873857,0.536021657606642,0.04412795711629439,0.0,0.08557125344300714,0.0,0.02435915304710269,0.005218563485320843,0.05470141530163286,0.25
14,window,43,0.1324894719873857,0.5611989360567262,0.0505841402851612,0.02463704490989091,0.06600268206336972,0.0,0.03516651790627947,0.0,0.01241067877857261,0.25
14,window,44,0.1324894719873857,0.5611989360567262,0.0505841402851612,0.02463704490989091,0.06600268206336972,0.0,0.03516651790627947,0.0,0.01241067877857261,0.25
14,window,45,0.1324894719873857,0.5611989360567262,0.0505841402851612,0.02463704490989091,0.06600268206336972,0.0,0.03516651790627947,0.0,0.01241067877857261,0.25
14,window,46,0.1324894719873857,0.5611989360567262,0.0505841402851612,0.02463704490989091,0.06600268206336972,0.0,0.03516651790627947,0.0,0.01241067877857261,0.25
14,window,47,0.1324894719873857,0.5611989360567262,0.0505841402851612,0.02463704490989091,0.06600268206336972,0.0,0.03516651790627947,0.0,0.01241067877857261,0.25
14,window,48,0.1324894719873857,0.5611989360567262,0.0505841402851612,0.02463704490989091,0.06600268206336972,0.0,0.03516651790627947,0.0,0.01241067877857261,0.25
14,window,49,0.1324894719873857,0.5611989360567262,0.0505841402851612,0.02463704490989091,0.06600268206336972,0.0,0.03516651790627947,0.0,0.01241067877857261,0.25
14,window,50,0.1324894719873857,0.5611989360567262,0.0505841402851612,0.02463704490989091,0.06600268206336972,0.0,0.03516651790627947,0.0,0.01241067877857261,0.25
14,window,51,0.1324894719873857,0.5611989360567262,0.0505841402851612,0.02463704490989091,0.06600268206336972,0.0,0.03516651790627947,0.0,0.01241067877857261,0.25
14,window,52,0.1324894719873857,0.5611989360567262,0.0505841402851612,0.02463704490989091,0.06600268206336972,0.0,0.03516651790627947,0.0,0.01241067877857261,0.25
14,window,53,0.1324894719873857,0.5611989360567262,0.0505841402851612,0.02463704490989091,0.06600268206336972,0.0,0.03516651790627947,0.0,0.01241067877857261,0.25
14,window,54,0.1324894719873857,0.5611989360567262,0.0505841402851612,0.02463704490989091,0.06600268206336972,0.0,0.03516651790627947,0.0,0.01241067877857261,0.25
14,window,55,0.1324894719873857,0.5611989360567262,0.0505841402851612,0.02463704490989091,0.06600268206336972,0.0,0.03516651790627947,0.0,0.01241067877857261,0.25
14,window,56,0.1324894719873857,0.5611989360567262,0.0505841402851612,0.02463704490989091,0.06600268206336972,0.0,0.03516651790627947,0.0,0.01241067877857261,0.25
14,window,57,0.1324894719873857,0.5684263481268303,0.0,0.0,0.137672918562201,0.04390073331096876,0.0,0.0,0.0,0.25
14,window,58,0.1324894719873857,0.5684263481268303,0.0,0.0,0.137672918562201,0.04390073331096876,0.0,0.0,0.0,0.25
14,window,59,0.1324894719873857,0.5684263481268303,0.0,0.0,0.137672918562201,0.04390073331096876,0.0,0.0,0.0,0.25
14,window,60,0.1324894719873857,0.5684263481268303,0.0,0.0,0.137672918562201,0.04390073331096876,0.0,0.0,0.0,0.25
14,window,61,0.1324894719873857,0.5684263481268303,0.0,0.0,0.137672918562201,0.04390073331096876,0.0,0.0,0.0,0.25
14,window,62,0.1324894719873857,0.5684263481268303,0.0,0.0,0.137672918562201,0.04390073331096876,0.0,0.0,0.0,0.25
14,window,63,0.1324894719873857,0.5684263481268303,0.0,0.0,0.137672918562201,0.04390073331096876,0.0,0.0,0.0,0.25
14,window,64,0.1324894719873857,0.5684263481268303,0.0,0.0,0.137672918562201,0.04390073331096876,0.0,0.0,0.0,0.25
14,window,65,0.1324894719873857,0.5684263481268303,0.0,0.0,0.137672918562201,0.04390073331096876,0.0,0.0,0.0,0.25
14,window,66,0.1324894719873857,0.5684263481268303,0.0,0.0,0.137672918562201,0.04390073331096876,0.0,0.0,0.0,0.25
14,window,67,0.1324894719873857,0.5684263481268303,0.0,0.0,0.137672918562201,0.04390073331096876,0.0,0.0,0.0,0.25
14,window,68,0.1324894719873857,0.5684263481268303,0.0,0.0,0.137672918562201,0.04390073331096876,0.0,0.0,0.0,0.25
14,window,69,0.1324894719873857,0.5684263481268303,0.0,0.0,0.137672918562201,0.04390073331096876,0.0,0.0,0.0,0.25
14,window,70,0.1324894719873857,0.5684263481268303,0.0,0.0,0.137672918562201,0.04390073331096876,0.0,0.0,0.0,0.25
14,window,71,0.1324894719873857,0.1915783974270668,0.2517079616309273,0.3067136409420059,0.0,0.0,0.0,0.0,0.0,0.25
14,window,72,0.1324894719873857,0.1915783974270668,0.2517079616309273,0.3067136409420059,0.0,0.0,0.0,0.0,0.0,0.25
14,window,73,0.1324894719873857,0.1915783974270668,0.2517079616309273,0.3067136409420059,0.0,0.0,0.0,0.0,0.0,0.25
14,window,74,0.1324894719873857,0.1915783974270668,0.2517079616309273,0.3067136409420059,0.0,0.0,0.0,0.0,0.0,0.25
14,window,75,0.1324894719873857,0.1915783974270668,0.2517079616309273,0.3067136409420059,0.0,0.0,0.0,0.0,0.0,0.25
14,window,76,0.1324894719873857,0.1915783974270668,0.2517079616309273,0.3067136409420059,0.0,0.0,0.0,0.0,0.0,0.25
14,window,77,0.1324894719873857,0.1915783974270668,0.2517079616309273,0.3067136409420059,0.0,0.0,0.0,0.0,0.0,0.25
14,window,78,0.1324894719873857,0.1915783974270668,0.2517079616309273,0.3067136409420059,0.0,0.0,0.0,0.0,0.0,0.25
14,window,79,0.1324894719873857,0.1915783974270668,0.2517079616309273,0.3067136409420059,0.0,0.0,0.0,0.0,0.0,0.25
14,window,80,0.1324894719873857,0.1915783974270668,0.2517079616309273,0.3067136409420059,0.0,0.0,0.0,0.0,0.0,0.25
14,window,81,0.1324894719873857,0.1915783974270668,0.2517079616309273,0.3067136409420059,0.0,0.0,0.0,0.0,0.0,0.25
14,window,82,0.1324894719873857,0.1915783974270668,0.2517079616309273,0.3067136409420059,0.0,0.0,0.0,0.0,0.0,0.25
14,window,83,0.1324894719873857,0.1915783974270668,0.2517079616309273,0.3067136409420059,0.0,0.0,0.0,0.0,0.0,0.25
14,window,84,0.1324894719873857,0.1915783974270668,0.2517079616309273,0.3067136409420059,0.0,0.0,0.0,0.0,0.0,0.25
14,window,85,0.1324894719873857,0.4414359976901596,0.1421395258213344,0.0,0.0,0.0,0.08832197654467121,0.0,0.0781024999438348,0.25
14,window,86,0.1324894719873857,0.4414359976901596,0.1421395258213344,0.0,0.0,0.0,0.08832197654467121,0.0,0.0781024999438348,0.25
14,window,87,0.1324894719873857,0.4414359976901596,0.1421395258213344,0.0,0.0,0.0,0.08832197654467121,0.0,0.0781024999438348,0.25
14,window,88,0.1324894719873857,0.4414359976901596,0.1421395258213344,0.0,0.0,0.0,0.08832197654467121,0.0,0.0781024999438348,0.25
14,window,89,0.1324894719873857,0.4414359976901596,0.1421395258213344,0.0,0.0,0.0,0.08832197654467121,0.0,0.0781024999438348,0.25
14,window,90,0.1324894719873857,0.4414359976901596,0.1421395258213344,0.0,0.0,0.0,0.08832197654467121,0.0,0.0781024999438348,0.25
14,window,91,0.1324894719873857,0.4414359976901596,0.1421395258213344,0.0,0.0,0.0,0.08832197654467121,0.0,0.0781024999438348,0.25
14,window,92,0.1324894719873857,0.4414359976901596,0.1421395258213344,0.0,0.0,0.0,0.08832197654467121,0.0,0.0781024999438348,0.25
14,window,93,0.1324894719873857,0.4414359976901596,0.1421395258213344,0.0,0.0,0.0,0.08832197654467121,0.0,0.0781024999438348,0.25
14,window,94,0.1324894719873857,0.4414359976901596,0.1421395258213344,0.0,0.0,0.0,0.08832197654467121,0.0,0.0781024999438348,0.25
14,window,95,0.1324894719873857,0.4414359976901596,0.1421395258213344,0.0,0.0,0.0,0.08832197654467121,0.0,0.0781024999438348,0.25
14,window,96,0.1324894719873857,0.4414359976901596,0.1421395258213344,0.0,0.0,0.0,0.08832197654467121,0.0,0.0781024999438348,0.25
14,window,97,0.1324894719873857,0.4414359976901596,0.1421395258213344,0.0,0.0,0.0,0.08832197654467121,0.0,0.0781024999438348,0.25
14,window,98,0.1324894719873857,0.4414359976901596,0.1421395258213344,0.0,0.0,0.0,0.08832197654467121,0.0,0.0781024999438348,0.25
14,window,99,0.1324894719873857,0.402210980906323,0.1619669784838498,0.0,0.0,0.1858220406098272,0.0,0.0,0.0,0.25
14,window,100,0.1324894719873857,0.402210980906323,0.1619669784838498,0.0,0.0,0.1858220406098272,0.0,0.0,0.0,0.25
14,window,101,0.1324894719873857,0.402210980906323,0.1619669784838498,0.0,0.0,0.1858220406098272,0.0,0.0,0.0,0.25
14,window,102,0.1324894719873857,0.402210980906323,0.1619669784838498,0.0,0.0,0.1858220406098272,0.0,0.0,0.0,0.25
14,window,103,0.1324894719873857,0.402210980906323,0.1619669784838498,0.0,0.0,0.1858220406098272,0.0,0.0,0.0,0.25
14,window,104,0.1324894719873857,0.402210980906323,0.1619669784838498,0.0,0.0,0.1858220406098272,0.0,0.0,0.0,0.25
14,window,105,0.1324894719873857,0.402210980906323,0.1619669784838498,0.0,0.0,0.1858220406098272,0.0,0.0,0.0,0.25
14,window,106,0.1324894719873857,0.402210980906323,0.1619669784838498,0.0,0.0,0.1858220406098272,0.0,0.0,0.0,0.25
14,window,107,0.1324894719873857,0.402210980906323,0.1619669784838498,0.0,0.0,0.1858220406098272,0.0,0.0,0.0,0.25
14,window,108,0.1324894719873857,0.402210980906323,0.1619669784838498,0.0,0.0,0.1858220406098272,0.0,0.0,0.0,0.25
14,window,109,0.1324894719873857,0.402210980906323,0.1619669784838498,0.0,0.0,0.1858220406098272,0.0,0.0,0.0,0.25
14,window,110,0.1324894719873857,0.402210980906323,0.1619669784838498,0.0,0.0,0.1858220406098272,0.0,0.0,0.0,0.25
14,window,111,0.1324894719873857,0.402210980906323,0.1619669784838498,0.0,0.0,0.1858220406098272,0.0,0.0,0.0,0.25
14,window,112,0.1324894719873857,0.402210980906323,0.1619669784838498,0.0,0.0,0.1858220406098272,0.0,0.0,0.0,0.25
14,window,113,0.1324894719873857,0.5688868220869006,0.02732553501864584,0.0,0.0,0.0,0.09478788794314606,0.05899975495130753,0.0,0.25
14,window,114,0.1324894719873857,0.5688868220869006,0.02732553501864584,0.0,0.0,0.0,0.09478788794314606,0.05899975495130753,0.0,0.25
14,window,115,0.1324894719873857,0.5688868220869006,0.02732553501864584,0.0,0.0,0.0,0.09478788794314606,0.05899975495130753,0.0,0.25
14,window,116,0.1324894719873857,0.5688868220869006,0.02732553501864584,0.0,0.0,0.0,0.09478788794314606,0.05899975495130753,0.0,0.25
14,window,117,0.1324894719873857,0.5688868220869006,0.02732553501864584,0.0,0.0,0.0,0.09478788794314606,0.05899975495130753,0.0,0.25
14,window,118,0.1324894719873857,0.5688868220869006,0.02732553501864584,0.0,0.0,0.0,0.09478788794314606,0.05899975495130753,0.0,0.25
14,window,119,0.1324894719873857,0.5688868220869006,0.02732553501864584,0.0,0.0,0.0,0.09478788794314606,0.05899975495130753,0.0,0.25
14,window,120,0.1324894719873857,0.5688868220869006,0.02732553501864584,0.0,0.0,0.0,0.09478788794314606,0.05899975495130753,0.0,0.25
14,window,121,0.1324894719873857,0.5688868220869006,0.02732553501864584,0.0,0.0,0.0,0.09478788794314606,0.05899975495130753,0.0,0.25
14,window,122,0.1324894719873857,0.5688868220869006,0.02732553501864584,0.0,0.0,0.0,0.09478788794314606,0.05899975495130753,0.0,0.25
14,window,123,0.1324894719873857,0.5688868220869006,0.02732553501864584,0.0,0.0,0.0,0.09478788794314606,0.05899975495130753,0.0,0.25
14,window,124,0.1324894719873857,0.5688868220869006,0.02732553501864584,0.0,0.0,0.0,0.09478788794314606,0.05899975495130753,0.0,0.25
14,window,125,0.1324894719873857,0.5688868220869006,0.02732553501864584,0.0,0.0,0.0,0.09478788794314606,0.05899975495130753,0.0,0.25
14,window,126,0.1324894719873857,0.5688868220869006,0.02732553501864584,0.0,0.0,0.0,0.09478788794314606,0.05899975495130753,0.0,0.25
14,window,127,0.1324894719873857,0.2730231756007522,0.1929832362916613,0.1081727570614508,0.0,0.0,0.1038684464958767,0.0,0.07195238455025915,0.25
14,window,128,0.1324894719873857,0.2730231756007522,0.1929832362916613,0.1081727570614508,0.0,0.0,0.1038684464958767,0.0,0.07195238455025915,0.25
14,window,129,0.1324894719873857,0.2730231756007522,0.1929832362916613,0.1081727570614508,0.0,0.0,0.1038684464958767,0.0,0.07195238455025915,0.25
14,window,130,0.1324894719873857,0.2730231756007522,0.1929832362916613,0.1081727570614508,0.0,0.0,0.1038684464958767,0.0,0.07195238455025915,0.25
14,window,131,0.1324894719873857,0.2730231756007522,0.1929832362916613,0.1081727570614508,0.0,0.0,0.1038684464958767,0.0,0.07195238455025915,0.25
14,window,132,0.1324894719873857,0.2730231756007522,0.1929832362916613,0.1081727570614508,0.0,0.0,0.1038684464958767,0.0,0.07195238455025915,0.25
14,window,133,0.1324894719873857,0.2730231756007522,0.1929832362916613,0.1081727570614508,0.0,0.0,0.1038684464958767,0.0,0.07195238455025915,0.25
14,window,134,0.1324894719873857,0.2730231756007522,0.1929832362916613,0.1081727570614508,0.0,0.0,0.1038684464958767,0.0,0.07195238455025915,0.25
14,window,135,0.1324894719873857,0.2730231756007522,0.1929832362916613,0.1081727570614508,0.0,0.0,0.1038684464958767,0.0,0.07195238455025915,0.25
14,window,136,0.1324894719873857,0.2730231756007522,0.1929832362916613,0.1081727570614508,0.0,0.0,0.1038684464958767,0.0,0.07195238455025915,0.25
14,window,137,0.1324894719873857,0.2730231756007522,0.1929832362916613,0.1081727570614508,0.0,0.0,0.1038684464958767,0.0,0.07195238455025915,0.25
14,window,138,0.1324894719873857,0.2730231756007522,0.1929832362916613,0.1081727570614508,0.0,0.0,0.1038684464958767,0.0,0.07195238455025915,0.25
14,window,139,0.1324894719873857,0.2730231756007522,0.1929832362916613,0.1081727570614508,0.0,0.0,0.1038684464958767,0.0,0.07195238455025915,0.25
14,window,140,0.1324894719873857,0.2730231756007522,0.1929832362916613,0.1081727570614508,0.0,0.0,0.1038684464958767,0.0,0.07195238455025915,0.25
14,window,141,0.1324894719873857,0.4419526724406807,0.0,0.0,0.09174710231145304,0.0,0.03908078791706744,0.0,0.1772194373307988,0.25
14,window,142,0.1324894719873857,0.4419526724406807,0.0,0.0,0.09174710231145304,0.0,0.03908078791706744,0.0,0.1772194373307988,0.25
14,window,143,0.1324894719873857,0.4419526724406807,0.0,0.0,0.09174710231145304,0.0,0.03908078791706744,0.0,0.1772194373307988,0.25
14,window,144,0.1324894719873857,0.4419526724406807,0.0,0.0,0.09174710231145304,0.0,0.03908078791706744,0.0,0.1772194373307988,0.25
14,window,145,0.1324894719873857,0.4419526724406807,0.0,0.0,0.09174710231145304,0.0,0.03908078791706744,0.0,0.1772194373307988,0.25
14,window,146,0.1324894719873857,0.4419526724406807,0.0,0.0,0.09174710231145304,0.0,0.03908078791706744,0.0,0.1772194373307988,0.25
14,window,147,0.1324894719873857,0.4419526724406807,0.0,0.0,0.09174710231145304,0.0,0.03908078791706744,0.0,0.1772194373307988,0.25
14,window,148,0.1324894719873857,0.4419526724406807,0.0,0.0,0.09174710231145304,0.0,0.03908078791706744,0.0,0.1772194373307988,0.25
14,window,149,0.1324894719873857,0.4419526724406807,0.0,0.0,0.09174710231145304,0.0,0.03908078791706744,0.0,0.1772194373307988,0.25
14,window,150,0.1324894719873857,0.4419526724406807,0.0,0.0,0.09174710231145304,0.0,0.03908078791706744,0.0,0.1772194373307988,0.25
14,window,151,0.1324894719873857,0.4419526724406807,0.0,0.0,0.09174710231145304,0.0,0.03908078791706744,0.0,0.1772194373307988,0.25
14,window,152,0.1324894719873857,0.4419526724406807,0.0,0.0,0.09174710231145304,0.0,0.03908078791706744,0.0,0.1772194373307988,0.25
14,window,153,0.1324894719873857,0.4419526724406807,0.0,0.0,0.09174710231145304,0.0,0.03908078791706744,0.0,0.1772194373307988,0.25
14,window,154,0.1324894719873857,0.4419526724406807,0.0,0.0,0.09174710231145304,0.0,0.03908078791706744,0.0,0.1772194373307988,0.25
14,window,155,0.1324894719873857,0.4466115809675922,0.05190622912479607,0.0,0.0169665609668956,0.1412213614565853,0.008460014288220359,0.0,0.08483425319591034,0.25
14,window,156,0.1324894719873857,0.4466115809675922,0.05190622912479607,0.0,0.0169665609668956,0.1412213614565853,0.008460014288220359,0.0,0.08483425319591034,0.25
14,window,157,0.1324894719873857,0.4466115809675922,0.05190622912479607,0.0,0.0169665609668956,0.1412213614565853,0.008460014288220359,0.0,0.08483425319591034,0.25
14,window,158,0.1324894719873857,0.4466115809675922,0.05190622912479607,0.0,0.0169665609668956,0.1412213614565853,0.008460014288220359,0.0,0.08483425319591034,0.25
14,window,159,0.1324894719873857,0.4466115809675922,0.05190622912479607,0.0,0.0169665609668956,0.1412213614565853,0.008460014288220359,0.0,0.08483425319591034,0.25
14,window,160,0.1324894719873857,0.4466115809675922,0.05190622912479607,0.0,0.0169665609668956,0.1412213614565853,0.008460014288220359,0.0,0.08483425319591034,0.25
14,window,161,0.1324894719873857,0.4466115809675922,0.05190622912479607,0.0,0.0169665609668956,0.1412213614565853,0.008460014288220359,0.0,0.08483425319591034,0.25
14,window,162,0.1324894719873857,0.4466115809675922,0.05190622912479607,0.0,0.0169665609668956,0.1412213614565853,0.008460014288220359,0.0,0.08483425319591034,0.25
14,window,163,0.1324894719873857,0.4466115809675922,0.05190622912479607,0.0,0.0169665609668956,0.1412213614565853,0.008460014288220359,0.0,0.08483425319591034,0.25
14,window,164,0.1324894719873857,0.4466115809675922,0.05190622912479607,0.0,0.0169665609668956,0.1412213614565853,0.008460014288220359,0.0,0.08483425319591034,0.25
14,window,165,0.1324894719873857,0.4466115809675922,0.05190622912479607,0.0,0.0169665609668956,0.1412213614565853,0.008460014288220359,0.0,0.08483425319591034,0.25
14,window,166,0.1324894719873857,0.4466115809675922,0.05190622912479607,0.0,0.0169665609668956,0.1412213614565853,0.008460014288220359,0.0,0.08483425319591034,0.25
14,window,167,0.1324894719873857,0.4466115809675922,0.05190622912479607,0.0,0.0169665609668956,0.1412213614565853,0.008460014288220359,0.0,0.08483425319591034,0.25
14,window,168,0.1324894719873857,0.4466115809675922,0.05190622912479607,0.0,0.0169665609668956,0.1412213614565853,0.008460014288220359,0.0,0.08483425319591034,0.25
14,window,169,0.1324894719873857,0.0,0.2262087358531454,0.01755033449179972,0.3175816291879209,0.0,0.1084551783647141,0.0,0.08020412210241977,0.25
14,window,170,0.1324894719873857,0.0,0.2262087358531454,0.01755033449179972,0.3175816291879209,0.0,0.1084551783647141,0.0,0.08020412210241977,0.25
14,window,171,0.1324894719873857,0.0,0.2262087358531454,0.01755033449179972,0.3175816291879209,0.0,0.1084551783647141,0.0,0.08020412210241977,0.25
14,window,172,0.1324894719873857,0.0,0.2262087358531454,0.01755033449179972,0.3175816291879209,0.0,0.1084551783647141,0.0,0.08020412210241977,0.25
14,window,173,0.1324894719873857,0.0,0.2262087358531454,0.01755033449179972,0.3175816291879209,0.0,0.1084551783647141,0.0,0.08020412210241977,0.25
14,window,174,0.1324894719873857,0.0,0.2262087358531454,0.01755033449179972,0.3175816291879209,0.0,0.1084551783647141,0.0,0.08020412210241977,0.25
14,window,175,0.1324894719873857,0.0,0.2262087358531454,0.01755033449179972,0.3175816291879209,0.0,0.1084551783647141,0.0,0.08020412210241977,0.25
14,window,176,0.1324894719873857,0.0,0.2262087358531454,0.01755033449179972,0.3175816291879209,0.0,0.1084551783647141,0.0,0.08020412210241977,0.25
14,window,177,0.1324894719873857,0.0,0.2262087358531454,0.01755033449179972,0.3175816291879209,0.0,0.1084551783647141,0.0,0.08020412210241977,0.25
14,window,178,0.1324894719873857,0.0,0.2262087358531454,0.01755033449179972,0.3175816291879209,0.0,0.1084551783647141,0.0,0.08020412210241977,0.25
14,window,179,0.1324894719873857,0.0,0.2262087358531454,0.01755033449179972,0.3175816291879209,0.0,0.1084551783647141,0.0,0.08020412210241977,0.25
14,window,180,0.1324894719873857,0.0,0.2262087358531454,0.01755033449179972,0.3175816291879209,0.0,0.1084551783647141,0.0,0.08020412210241977,0.25
14,window,181,0.1324894719873857,0.0,0.2262087358531454,0.01755033449179972,0.3175816291879209,0.0,0.1084551783647141,0.0,0.08020412210241977,0.25
14,window,182,0.1324894719873857,0.0,0.2262087358531454,0.01755033449179972,0.3175816291879209,0.0,0.1084551783647141,0.0,0.08020412210241977,0.25
14,window,183,0.1324894719873857,0.5843208179363331,0.02756055740245932,0.04003796528043136,0.0,0.0,0.04824504718530925,0.04983561219546695,0.0,0.25
14,window,184,0.1324894719873857,0.5843208179363331,0.02756055740245932,0.04003796528043136,0.0,0.0,0.04824504718530925,0.04983561219546695,0.0,0.25
14,window,185,0.1324894719873857,0.5843208179363331,0.02756055740245932,0.04003796528043136,0.0,0.0,0.04824504718530925,0.04983561219546695,0.0,0.25
14,window,186,0.1324894719873857,0.5843208179363331,0.02756055740245932,0.04003796528043136,0.0,0.0,0.04824504718530925,0.04983561219546695,0.0,0.25
14,window,187,0.1324894719873857,0.5843208179363331,0.02756055740245932,0.04003796528043136,0.0,0.0,0.04824504718530925,0.04983561219546695,0.0,0.25
14,window,188,0.1324894719873857,0.5843208179363331,0.02756055740245932,0.04003796528043136,0.0,0.0,0.04824504718530925,0.04983561219546695,0.0,0.25
14,window,189,0.1324894719873857,0.5843208179363331,0.02756055740245932,0.04003796528043136,0.0,0.0,0.04824504718530925,0.04983561219546695,0.0,0.25
14,window,190,0.1324894719873857,0.5843208179363331,0.02756055740245932,0.04003796528043136,0.0,0.0,0.04824504718530925,0.04983561219546695,0.0,0.25
14,window,191,0.1324894719873857,0.5843208179363331,0.02756055740245932,0.04003796528043136,0.0,0.0,0.04824504718530925,0.04983561219546695,0.0,0.25
14,window,192,0.1324894719873857,0.5843208179363331,0.02756055740245932,0.04003796528043136,0.0,0.0,0.04824504718530925,0.04983561219546695,0.0,0.25
14,window,193,0.1324894719873857,0.5843208179363331,0.02756055740245932,0.04003796528043136,0.0,0.0,0.04824504718530925,0.04983561219546695,0.0,0.25
14,window,194,0.1324894719873857,0.5843208179363331,0.02756055740245932,0.04003796528043136,0.0,0.0,0.04824504718530925,0.04983561219546695,0.0,0.25
14,window,195,0.1324894719873857,0.5843208179363331,0.02756055740245932,0.04003796528043136,0.0,0.0,0.04824504718530925,0.04983561219546695,0.0,0.25
14,window,196,0.1324894719873857,0.5843208179363331,0.02756055740245932,0.04003796528043136,0.0,0.0,0.04824504718530925,0.04983561219546695,0.0,0.25
14,window,197,0.1324894719873857,0.4609940626856266,0.0640273048738479,0.1089021355052766,0.0,0.0,0.0,0.0,0.1160764969352489,0.25
14,window,198,0.1324894719873857,0.4609940626856266,0.0640273048738479,0.1089021355052766,0.0,0.0,0.0,0.0,0.1160764969352489,0.25
14,window,199,0.1324894719873857,0.4609940626856266,0.0640273048738479,0.1089021355052766,0.0,0.0,0.0,0.0,0.1160764969352489,0.25
14,window,200,0.1324894719873857,0.4609940626856266,0.0640273048738479,0.1089021355052766,0.0,0.0,0.0,0.0,0.1160764969352489,0.25
14,window,201,0.1324894719873857,0.4609940626856266,0.0640273048738479,0.1089021355052766,0.0,0.0,0.0,0.0,0.1160764969352489,0.25
14,window,202,0.1324894719873857,0.4609940626856266,0.0640273048738479,0.1089021355052766,0.0,0.0,0.0,0.0,0.1160764969352489,0.25
14,window,203,0.1324894719873857,0.4609940626856266,0.0640273048738479,0.1089021355052766,0.0,0.0,0.0,0.0,0.1160764969352489,0.25
14,window,204,0.1324894719873857,0.4609940626856266,0.0640273048738479,0.1089021355052766,0.0,0.0,0.0,0.0,0.1160764969352489,0.25
14,window,205,0.1324894719873857,0.4609940626856266,0.0640273048738479,0.1089021355052766,0.0,0.0,0.0,0.0,0.1160764969352489,0.25
14,window,206,0.1324894719873857,0.4609940626856266,0.0640273048738479,0.1089021355052766,0.0,0.0,0.0,0.0,0.1160764969352489,0.25
14,window,207,0.1324894719873857,0.4609940626856266,0.0640273048738479,0.1089021355052766,0.0,0.0,0.0,0.0,0.1160764969352489,0.25
14,window,208,0.1324894719873857,0.4609940626856266,0.0640273048738479,0.1089021355052766,0.0,0.0,0.0,0.0,0.1160764969352489,0.25
14,window,209,0.1324894719873857,0.4609940626856266,0.0640273048738479,0.1089021355052766,0.0,0.0,0.0,0.0,0.1160764969352489,0.25
14,window,210,0.1324894719873857,0.4609940626856266,0.0640273048738479,0.1089021355052766,0.0,0.0,0.0,0.0,0.1160764969352489,0.25
14,window,211,0.1324894719873857,0.6041711795168218,0.04559683887096803,0.0,0.0,0.0,0.0,0.0,0.1002319816122103,0.25
14,window,212,0.1324894719873857,0.6041711795168218,0.04559683887096803,0.0,0.0,0.0,0.0,0.0,0.1002319816122103,0.25
14,window,213,0.1324894719873857,0.6041711795168218,0.04559683887096803,0.0,0.0,0.0,0.0,0.0,0.1002319816122103,0.25
14,window,214,0.1324894719873857,0.6041711795168218,0.04559683887096803,0.0,0.0,0.0,0.0,0.0,0.1002319816122103,0.25
14,window,215,0.1324894719873857,0.6041711795168218,0.04559683887096803,0.0,0.0,0.0,0.0,0.0,0.1002319816122103,0.25
14,window,216,0.1324894719873857,0.6041711795168218,0.04559683887096803,0.0,0.0,0.0,0.0,0.0,0.1002319816122103,0.25
14,window,217,0.1324894719873857,0.6041711795168218,0.04559683887096803,0.0,0.0,0.0,0.0,0.0,0.1002319816122103,0.25
14,window,218,0.1324894719873857,0.6041711795168218,0.04559683887096803,0.0,0.0,0.0,0.0,0.0,0.1002319816122103,0.25
14,window,219,0.1324894719873857,0.6041711795168218,0.04559683887096803,0.0,0.0,0.0,0.0,0.0,0.1002319816122103,0.25
14,window,220,0.1324894719873857,0.6041711795168218,0.04559683887096803,0.0,0.0,0.0,0.0,0.0,0.1002319816122103,0.25
14,window,221,0.1324894719873857,0.6041711795168218,0.04559683887096803,0.0,0.0,0.0,0.0,0.0,0.1002319816122103,0.25
14,window,222,0.1324894719873857,0.6041711795168218,0.04559683887096803,0.0,0.0,0.0,0.0,0.0,0.1002319816122103,0.25
14,window,223,0.1324894719873857,0.6041711795168218,0.04559683887096803,0.0,0.0,0.0,0.0,0.0,0.1002319816122103,0.25
14,window,224,0.1324894719873857,0.6041711795168218,0.04559683887096803,0.0,0.0,0.0,0.0,0.0,0.1002319816122103,0.25
14,window,225,0.1324894719873857,0.45414491208616,0.251578882366698,0.0,0.0,0.04427620554714189,0.0,0.0,0.0,0.25
14,window,226,0.1324894719873857,0.45414491208616,0.251578882366698,0.0,0.0,0.04427620554714189,0.0,0.0,0.0,0.25
14,window,227,0.1324894719873857,0.45414491208616,0.251578882366698,0.0,0.0,0.04427620554714189,0.0,0.0,0.0,0.25
14,window,228,0.1324894719873857,0.45414491208616,0.251578882366698,0.0,0.0,0.04427620554714189,0.0,0.0,0.0,0.25
14,window,229,0.1324894719873857,0.45414491208616,0.251578882366698,0.0,0.0,0.04427620554714189,0.0,0.0,0.0,0.25
14,window,230,0.1324894719873857,0.45414491208616,0.251578882366698,0.0,0.0,0.04427620554714189,0.0,0.0,0.0,0.25
14,window,231,0.1324894719873857,0.45414491208616,0.251578882366698,0.0,0.0,0.04427620554714189,0.0,0.0,0.0,0.25
14,window,232,0.1324894719873857,0.45414491208616,0.251578882366698,0.0,0.0,0.04427620554714189,0.0,0.0,0.0,0.25
14,window,233,0.1324894719873857,0.45414491208616,0.251578882366698,0.0,0.0,0.04427620554714189,0.0,0.0,0.0,0.25
14,window,234,0.1324894719873857,0.45414491208616,0.251578882366698,0.0,0.0,0.04427620554714189,0.0,0.0,0.0,0.25
14,window,235,0.1324894719873857,0.45414491208616,0.251578882366698,0.0,0.0,0.04427620554714189,0.0,0.0,0.0,0.25
14,window,236,0.1324894719873857,0.45414491208616,0.251578882366698,0.0,0.0,0.04427620554714189,0.0,0.0,0.0,0.25
49,window,1,0.06306597107131418,0.4547206186023361,0.1514827412831435,0.0,0.0796991871326354,0.0,0.0,0.06409745298188511,0.0,0.25
49,window,2,0.06306597107131418,0.4547206186023361,0.1514827412831435,0.0,0.0796991871326354,0.0,0.0,0.06409745298188511,0.0,0.25
49,window,3,0.06306597107131418,0.4547206186023361,0.1514827412831435,0.0,0.0796991871326354,0.0,0.0,0.06409745298188511,0.0,0.25
49,window,4,0.06306597107131418,0.4547206186023361,0.1514827412831435,0.0,0.0796991871326354,0.0,0.0,0.06409745298188511,0.0,0.25
49,window,5,0.06306597107131418,0.4547206186023361,0.1514827412831435,0.0,0.0796991871326354,0.0,0.0,0.06409745298188511,0.0,0.25
49,window,6,0.06306597107131418,0.4547206186023361,0.1514827412831435,0.0,0.0796991871326354,0.0,0.0,0.06409745298188511,0.0,0.25
49,window,7,0.06306597107131418,0.4547206186023361,0.1514827412831435,0.0,0.0796991871326354,0.0,0.0,0.06409745298188511,0.0,0.25
49,window,8,0.06306597107131418,0.4547206186023361,0.1514827412831435,0.0,0.0796991871326354,0.0,0.0,0.06409745298188511,0.0,0.25
49,window,9,0.06306597107131418,0.4547206186023361,0.1514827412831435,0.0,0.0796991871326354,0.0,0.0,0.06409745298188511,0.0,0.25
49,window,10,0.06306597107131418,0.4547206186023361,0.1514827412831435,0.0,0.0796991871326354,0.0,0.0,0.06409745298188511,0.0,0.25
49,window,11,0.06306597107131418,0.4547206186023361,0.1514827412831435,0.0,0.0796991871326354,0.0,0.0,0.06409745298188511,0.0,0.25
49,window,12,0.06306597107131418,0.4547206186023361,0.1514827412831435,0.0,0.0796991871326354,0.0,0.0,0.06409745298188511,0.0,0.25
49,window,13,0.06306597107131418,0.4547206186023361,0.1514827412831435,0.0,0.0796991871326354,0.0,0.0,0.06409745298188511,0.0,0.25
49,window,14,0.06306597107131418,0.4547206186023361,0.1514827412831435,0.0,0.0796991871326354,0.0,0.0,0.06409745298188511,0.0,0.25
49,window,15,0.06306597107131418,0.4547206186023361,0.1514827412831435,0.0,0.0796991871326354,0.0,0.0,0.06409745298188511,0.0,0.25
49,window,16,0.06306597107131418,0.4547206186023361,0.1514827412831435,0.0,0.0796991871326354,0.0,0.0,0.06409745298188511,0.0,0.25
49,window,17,0.06306597107131418,0.4547206186023361,0.1514827412831435,0.0,0.0796991871326354,0.0,0.0,0.06409745298188511,0.0,0.25
49,window,18,0.06306597107131418,0.4547206186023361,0.1514827412831435,0.0,0.0796991871326354,0.0,0.0,0.06409745298188511,0.0,0.25
49,window,19,0.06306597107131418,0.4547206186023361,0.1514827412831435,0.0,0.0796991871326354,0.0,0.0,0.06409745298188511,0.0,0.25
49,window,20,0.06306597107131418,0.4547206186023361,0.1514827412831435,0.0,0.0796991871326354,0.0,0.0,0.06409745298188511,0.0,0.25
49,window,21,0.06306597107131418,0.4547206186023361,0.1514827412831435,0.0,0.0796991871326354,0.0,0.0,0.06409745298188511,0.0,0.25
49,window,22,0.06306597107131418,0.4547206186023361,0.1514827412831435,0.0,0.0796991871326354,0.0,0.0,0.06409745298188511,0.0,0.25
49,window,23,0.06306597107131418,0.4547206186023361,0.1514827412831435,0.0,0.0796991871326354,0.0,0.0,0.06409745298188511,0.0,0.25
49,window,24,0.06306597107131418,0.4547206186023361,0.1514827412831435,0.0,0.0796991871326354,0.0,0.0,0.06409745298188511,0.0,0.25
49,window,25,0.06306597107131418,0.4547206186023361,0.1514827412831435,0.0,0.0796991871326354,0.0,0.0,0.06409745298188511,0.0,0.25
49,window,26,0.06306597107131418,0.4547206186023361,0.1514827412831435,0.0,0.0796991871326354,0.0,0.0,0.06409745298188511,0.0,0.25
49,window,27,0.06306597107131418,0.4547206186023361,0.1514827412831435,0.0,0.0796991871326354,0.0,0.0,0.06409745298188511,0.0,0.25
49,window,28,0.06306597107131418,0.4547206186023361,0.1514827412831435,0.0,0.0796991871326354,0.0,0.0,0.06409745298188511,0.0,0.25
49,window,29,0.06306597107131418,0.4547206186023361,0.1514827412831435,0.0,0.0796991871326354,0.0,0.0,0.06409745298188511,0.0,0.25
49,window,30,0.06306597107131418,0.4547206186023361,0.1514827412831435,0.0,0.0796991871326354,0.0,0.0,0.06409745298188511,0.0,0.25
49,window,31,0.06306597107131418,0.4547206186023361,0.1514827412831435,0.0,0.0796991871326354,0.0,0.0,0.06409745298188511,0.0,0.25
49,window,32,0.06306597107131418,0.4547206186023361,0.1514827412831435,0.0,0.0796991871326354,0.0,0.0,0.06409745298188511,0.0,0.25
49,window,33,0.06306597107131418,0.4547206186023361,0.1514827412831435,0.0,0.0796991871326354,0.0,0.0,0.06409745298188511,0.0,0.25
49,window,34,0.06306597107131418,0.4547206186023361,0.1514827412831435,0.0,0.0796991871326354,0.0,0.0,0.06409745298188511,0.0,0.25
49,window,35,0.06306597107131418,0.4547206186023361,0.1514827412831435,0.0,0.0796991871326354,0.0,0.0,0.06409745298188511,0.0,0.25
49,window,36,0.06306597107131418,0.4547206186023361,0.1514827412831435,0.0,0.0796991871326354,0.0,0.0,0.06409745298188511,0.0,0.25
49,window,37,0.06306597107131418,0.4547206186023361,0.1514827412831435,0.0,0.0796991871326354,0.0,0.0,0.06409745298188511,0.0,0.25
49,window,38,0.06306597107131418,0.4547206186023361,0.1514827412831435,0.0,0.0796991871326354,0.0,0.0,0.06409745298188511,0.0,0.25
49,window,39,0.06306597107131418,0.4547206186023361,0.1514827412831435,0.0,0.0796991871326354,0.0,0.0,0.06409745298188511,0.0,0.25
49,window,40,0.06306597107131418,0.4547206186023361,0.1514827412831435,0.0,0.0796991871326354,0.0,0.0,0.06409745298188511,0.0,0.25
49,window,41,0.06306597107131418,0.4547206186023361,0.1514827412831435,0.0,0.0796991871326354,0.0,0.0,0.06409745298188511,0.0,0.25
49,window,42,0.06306597107131418,0.4547206186023361,0.1514827412831435,0.0,0.0796991871326354,0.0,0.0,0.06409745298188511,0.0,0.25
49,window,43,0.06306597107131418,0.4547206186023361,0.1514827412831435,0.0,0.0796991871326354,0.0,0.0,0.06409745298188511,0.0,0.25
49,window,44,0.06306597107131418,0.4547206186023361,0.1514827412831435,0.0,0.0796991871326354,0.0,0.0,0.06409745298188511,0.0,0.25
49,window,45,0.06306597107131418,0.4547206186023361,0.1514827412831435,0.0,0.0796991871326354,0.0,0.0,0.06409745298188511,0.0,0.25
49,window,46,0.06306597107131418,0.4547206186023361,0.1514827412831435,0.0,0.0796991871326354,0.0,0.0,0.06409745298188511,0.0,0.25
49,window,47,0.06306597107131418,0.4547206186023361,0.1514827412831435,0.0,0.0796991871326354,0.0,0.0,0.06409745298188511,0.0,0.25
49,window,48,0.06306597107131418,0.4547206186023361,0.1514827412831435,0.0,0.0796991871326354,0.0,0.0,0.06409745298188511,0.0,0.25
49,window,49,0.06306597107131418,0.4547206186023361,0.1514827412831435,0.0,0.0796991871326354,0.0,0.0,0.06409745298188511,0.0,0.25
49,window,50,0.06306597107131418,0.6268681594484656,0.05331287868696099,0.0,0.01496032859653084,0.05485863326804226,0.0,0.0,0.0,0.25
49,window,51,0.06306597107131418,0.6268681594484656,0.05331287868696099,0.0,0.01496032859653084,0.05485863326804226,0.0,0.0,0.0,0.25
49,window,52,0.06306597107131418,0.6268681594484656,0.05331287868696099,0.0,0.01496032859653084,0.05485863326804226,0.0,0.0,0.0,0.25
49,window,53,0.06306597107131418,0.6268681594484656,0.05331287868696099,0.0,0.01496032859653084,0.05485863326804226,0.0,0.0,0.0,0.25
49,window,54,0.06306597107131418,0.6268681594484656,0.05331287868696099,0.0,0.01496032859653084,0.05485863326804226,0.0,0.0,0.0,0.25
49,window,55,0.06306597107131418,0.6268681594484656,0.05331287868696099,0.0,0.01496032859653084,0.05485863326804226,0.0,0.0,0.0,0.25
49,window,56,0.06306597107131418,0.6268681594484656,0.05331287868696099,0.0,0.01496032859653084,0.05485863326804226,0.0,0.0,0.0,0.25
49,window,57,0.06306597107131418,0.6268681594484656,0.05331287868696099,0.0,0.01496032859653084,0.05485863326804226,0.0,0.0,0.0,0.25
49,window,58,0.06306597107131418,0.6268681594484656,0.05331287868696099,0.0,0.01496032859653084,0.05485863326804226,0.0,0.0,0.0,0.25
49,window,59,0.06306597107131418,0.6268681594484656,0.05331287868696099,0.0,0.01496032859653084,0.05485863326804226,0.0,0.0,0.0,0.25
49,window,60,0.06306597107131418,0.6268681594484656,0.05331287868696099,0.0,0.01496032859653084,0.05485863326804226,0.0,0.0,0.0,0.25
49,window,61,0.06306597107131418,0.6268681594484656,0.05331287868696099,0.0,0.01496032859653084,0.05485863326804226,0.0,0.0,0.0,0.25
49,window,62,0.06306597107131418,0.6268681594484656,0.05331287868696099,0.0,0.01496032859653084,0.05485863326804226,0.0,0.0,0.0,0.25
49,window,63,0.06306597107131418,0.6268681594484656,0.05331287868696099,0.0,0.01496032859653084,0.05485863326804226,0.0,0.0,0.0,0.25
49,window,64,0.06306597107131418,0.6268681594484656,0.05331287868696099,0.0,0.01496032859653084,0.05485863326804226,0.0,0.0,0.0,0.25
49,window,65,0.06306597107131418,0.6268681594484656,0.05331287868696099,0.0,0.01496032859653084,0.05485863326804226,0.0,0.0,0.0,0.25
49,window,66,0.06306597107131418,0.6268681594484656,0.05331287868696099,0.0,0.01496032859653084,0.05485863326804226,0.0,0.0,0.0,0.25
49,window,67,0.06306597107131418,0.6268681594484656,0.05331287868696099,0.0,0.01496032859653084,0.05485863326804226,0.0,0.0,0.0,0.25
49,window,68,0.06306597107131418,0.6268681594484656,0.05331287868696099,0.0,0.01496032859653084,0.05485863326804226,0.0,0.0,0.0,0.25
49,window,69,0.06306597107131418,0.6268681594484656,0.05331287868696099,0.0,0.01496032859653084,0.05485863326804226,0.0,0.0,0.0,0.25
49,window,70,0.06306597107131418,0.6268681594484656,0.05331287868696099,0.0,0.01496032859653084,0.05485863326804226,0.0,0.0,0.0,0.25
49,window,71,0.06306597107131418,0.6268681594484656,0.05331287868696099,0.0,0.01496032859653084,0.05485863326804226,0.0,0.0,0.0,0.25
49,window,72,0.06306597107131418,0.6268681594484656,0.05331287868696099,0.0,0.01496032859653084,0.05485863326804226,0.0,0.0,0.0,0.25
49,window,73,0.06306597107131418,0.6268681594484656,0.05331287868696099,0.0,0.01496032859653084,0.05485863326804226,0.0,0.0,0.0,0.25
49,window,74,0.06306597107131418,0.6268681594484656,0.05331287868696099,0.0,0.01496032859653084,0.05485863326804226,0.0,0.0,0.0,0.25
49,window,75,0.06306597107131418,0.6268681594484656,0.05331287868696099,0.0,0.01496032859653084,0.05485863326804226,0.0,0.0,0.0,0.25
49,window,76,0.06306597107131418,0.6268681594484656,0.05331287868696099,0.0,0.01496032859653084,0.05485863326804226,0.0,0.0,0.0,0.25
49,window,77,0.06306597107131418,0.6268681594484656,0.05331287868696099,0.0,0.01496032859653084,0.05485863326804226,0.0,0.0,0.0,0.25
49,window,78,0.06306597107131418,0.6268681594484656,0.05331287868696099,0.0,0.01496032859653084,0.05485863326804226,0.0,0.0,0.0,0.25
49,window,79,0.06306597107131418,0.6268681594484656,0.05331287868696099,0.0,0.01496032859653084,0.05485863326804226,0.0,0.0,0.0,0.25
49,window,80,0.06306597107131418,0.6268681594484656,0.05331287868696099,0.0,0.01496032859653084,0.05485863326804226,0.0,0.0,0.0,0.25
49,window,81,0.06306597107131418,0.6268681594484656,0.05331287868696099,0.0,0.01496032859653084,0.05485863326804226,0.0,0.0,0.0,0.25
49,window,82,0.06306597107131418,0.6268681594484656,0.05331287868696099,0.0,0.01496032859653084,0.05485863326804226,0.0,0.0,0.0,0.25
49,window,83,0.06306597107131418,0.6268681594484656,0.05331287868696099,0.0,0.01496032859653084,0.05485863326804226,0.0,0.0,0.0,0.25
49,window,84,0.06306597107131418,0.6268681594484656,0.05331287868696099,0.0,0.01496032859653084,0.05485863326804226,0.0,0.0,0.0,0.25
49,window,85,0.06306597107131418,0.6268681594484656,0.05331287868696099,0.0,0.01496032859653084,0.05485863326804226,0.0,0.0,0.0,0.25
49,window,86,0.06306597107131418,0.6268681594484656,0.05331287868696099,0.0,0.01496032859653084,0.05485863326804226,0.0,0.0,0.0,0.25
49,window,87,0.06306597107131418,0.6268681594484656,0.05331287868696099,0.0,0.01496032859653084,0.05485863326804226,0.0,0.0,0.0,0.25
49,window,88,0.06306597107131418,0.6268681594484656,0.05331287868696099,0.0,0.01496032859653084,0.05485863326804226,0.0,0.0,0.0,0.25
49,window,89,0.06306597107131418,0.6268681594484656,0.05331287868696099,0.0,0.01496032859653084,0.05485863326804226,0.0,0.0,0.0,0.25
49,window,90,0.06306597107131418,0.6268681594484656,0.05331287868696099,0.0,0.01496032859653084,0.05485863326804226,0.0,0.0,0.0,0.25
49,window,91,0.06306597107131418,0.6268681594484656,0.05331287868696099,0.0,0.01496032859653084,0.05485863326804226,0.0,0.0,0.0,0.25
49,window,92,0.06306597107131418,0.6268681594484656,0.05331287868696099,0.0,0.01496032859653084,0.05485863326804226,0.0,0.0,0.0,0.25
49,window,93,0.06306597107131418,0.6268681594484656,0.05331287868696099,0.0,0.01496032859653084,0.05485863326804226,0.0,0.0,0.0,0.25
49,window,94,0.06306597107131418,0.6268681594484656,0.05331287868696099,0.0,0.01496032859653084,0.05485863326804226,0.0,0.0,0.0,0.25
49,window,95,0.06306597107131418,0.6268681594484656,0.05331287868696099,0.0,0.01496032859653084,0.05485863326804226,0.0,0.0,0.0,0.25
49,window,96,0.06306597107131418,0.6268681594484656,0.05331287868696099,0.0,0.01496032859653084,0.05485863326804226,0.0,0.0,0.0,0.25
49,window,97,0.06306597107131418,0.6268681594484656,0.05331287868696099,0.0,0.01496032859653084,0.05485863326804226,0.0,0.0,0.0,0.25
49,window,98,0.06306597107131418,0.6268681594484656,0.05331287868696099,0.0,0.01496032859653084,0.05485863326804226,0.0,0.0,0.0,0.25
49,window,99,0.06306597107131418,0.5714798172566641,0.07157408731839304,0.0,0.02289960034310158,0.02179419817853665,0.04878895738213143,0.0,0.01346333952117316,0.25
49,window,100,0.06306597107131418,0.5714798172566641,0.07157408731839304,0.0,0.02289960034310158,0.02179419817853665,0.04878895738213143,0.0,0.01346333952117316,0.25
49,window,101,0.06306597107131418,0.5714798172566641,0.07157408731839304,0.0,0.02289960034310158,0.02179419817853665,0.04878895738213143,0.0,0.01346333952117316,0.25
49,window,102,0.06306597107131418,0.5714798172566641,0.07157408731839304,0.0,0.02289960034310158,0.02179419817853665,0.04878895738213143,0.0,0.01346333952117316,0.25
49,window,103,0.06306597107131418,0.5714798172566641,0.07157408731839304,0.0,0.02289960034310158,0.02179419817853665,0.04878895738213143,0.0,0.01346333952117316,0.25
49,window,104,0.06306597107131418,0.5714798172566641,0.07157408731839304,0.0,0.02289960034310158,0.02179419817853665,0.04878895738213143,0.0,0.01346333952117316,0.25
49,window,105,0.06306597107131418,0.5714798172566641,0.07157408731839304,0.0,0.02289960034310158,0.02179419817853665,0.04878895738213143,0.0,0.01346333952117316,0.25
49,window,106,0.06306597107131418,0.5714798172566641,0.07157408731839304,0.0,0.02289960034310158,0.02179419817853665,0.04878895738213143,0.0,0.01346333952117316,0.25
49,window,107,0.06306597107131418,0.5714798172566641,0.07157408731839304,0.0,0.02289960034310158,0.02179419817853665,0.04878895738213143,0.0,0.01346333952117316,0.25
49,window,108,0.06306597107131418,0.5714798172566641,0.07157408731839304,0.0,0.02289960034310158,0.02179419817853665,0.04878895738213143,0.0,0.01346333952117316,0.25
49,window,109,0.06306597107131418,0.5714798172566641,0.07157408731839304,0.0,0.02289960034310158,0.02179419817853665,0.04878895738213143,0.0,0.01346333952117316,0.25
49,window,110,0.06306597107131418,0.5714798172566641,0.07157408731839304,0.0,0.02289960034310158,0.02179419817853665,0.04878895738213143,0.0,0.01346333952117316,0.25
49,window,111,0.06306597107131418,0.5714798172566641,0.07157408731839304,0.0,0.02289960034310158,0.02179419817853665,0.04878895738213143,0.0,0.01346333952117316,0.25
49,window,112,0.06306597107131418,0.5714798172566641,0.07157408731839304,0.0,0.02289960034310158,0.02179419817853665,0.04878895738213143,0.0,0.01346333952117316,0.25
49,window,113,0.06306597107131418,0.5714798172566641,0.07157408731839304,0.0,0.02289960034310158,0.02179419817853665,0.04878895738213143,0.0,0.01346333952117316,0.25
49,window,114,0.06306597107131418,0.5714798172566641,0.07157408731839304,0.0,0.02289960034310158,0.02179419817853665,0.04878895738213143,0.0,0.01346333952117316,0.25
49,window,115,0.06306597107131418,0.5714798172566641,0.07157408731839304,0.0,0.02289960034310158,0.02179419817853665,0.04878895738213143,0.0,0.01346333952117316,0.25
49,window,116,0.06306597107131418,0.5714798172566641,0.07157408731839304,0.0,0.02289960034310158,0.02179419817853665,0.04878895738213143,0.0,0.01346333952117316,0.25
49,window,117,0.06306597107131418,0.5714798172566641,0.07157408731839304,0.0,0.02289960034310158,0.02179419817853665,0.04878895738213143,0.0,0.01346333952117316,0.25
49,window,118,0.06306597107131418,0.5714798172566641,0.07157408731839304,0.0,0.02289960034310158,0.02179419817853665,0.04878895738213143,0.0,0.01346333952117316,0.25
49,window,119,0.06306597107131418,0.5714798172566641,0.07157408731839304,0.0,0.02289960034310158,0.02179419817853665,0.04878895738213143,0.0,0.01346333952117316,0.25
49,window,120,0.06306597107131418,0.5714798172566641,0.07157408731839304,0.0,0.02289960034310158,0.02179419817853665,0.04878895738213143,0.0,0.01346333952117316,0.25
49,window,121,0.06306597107131418,0.5714798172566641,0.07157408731839304,0.0,0.02289960034310158,0.02179419817853665,0.04878895738213143,0.0,0.01346333952117316,0.25
49,window,122,0.06306597107131418,0.5714798172566641,0.07157408731839304,0.0,0.02289960034310158,0.02179419817853665,0.04878895738213143,0.0,0.01346333952117316,0.25
49,window,123,0.06306597107131418,0.5714798172566641,0.07157408731839304,0.0,0.02289960034310158,0.02179419817853665,0.04878895738213143,0.0,0.01346333952117316,0.25
49,window,124,0.06306597107131418,0.5714798172566641,0.07157408731839304,0.0,0.02289960034310158,0.02179419817853665,0.04878895738213143,0.0,0.01346333952117316,0.25
49,window,125,0.06306597107131418,0.5714798172566641,0.07157408731839304,0.0,0.02289960034310158,0.02179419817853665,0.04878895738213143,0.0,0.01346333952117316,0.25
49,window,126,0.06306597107131418,0.5714798172566641,0.07157408731839304,0.0,0.02289960034310158,0.02179419817853665,0.04878895738213143,0.0,0.01346333952117316,0.25
49,window,127,0.06306597107131418,0.5714798172566641,0.07157408731839304,0.0,0.02289960034310158,0.02179419817853665,0.04878895738213143,0.0,0.01346333952117316,0.25
49,window,128,0.06306597107131418,0.5714798172566641,0.07157408731839304,0.0,0.02289960034310158,0.02179419817853665,0.04878895738213143,0.0,0.01346333952117316,0.25
49,window,129,0.06306597107131418,0.5714798172566641,0.07157408731839304,0.0,0.02289960034310158,0.02179419817853665,0.04878895738213143,0.0,0.01346333952117316,0.25
49,window,130,0.06306597107131418,0.5714798172566641,0.07157408731839304,0.0,0.02289960034310158,0.02179419817853665,0.04878895738213143,0.0,0.01346333952117316,0.25
49,window,131,0.06306597107131418,0.5714798172566641,0.07157408731839304,0.0,0.02289960034310158,0.02179419817853665,0.04878895738213143,0.0,0.01346333952117316,0.25
49,window,132,0.06306597107131418,0.5714798172566641,0.07157408731839304,0.0,0.02289960034310158,0.02179419817853665,0.04878895738213143,0.0,0.01346333952117316,0.25
49,window,133,0.06306597107131418,0.5714798172566641,0.07157408731839304,0.0,0.02289960034310158,0.02179419817853665,0.04878895738213143,0.0,0.01346333952117316,0.25
49,window,134,0.06306597107131418,0.5714798172566641,0.07157408731839304,0.0,0.02289960034310158,0.02179419817853665,0.04878895738213143,0.0,0.01346333952117316,0.25
49,window,135,0.06306597107131418,0.5714798172566641,0.07157408731839304,0.0,0.02289960034310158,0.02179419817853665,0.04878895738213143,0.0,0.01346333952117316,0.25
49,window,136,0.06306597107131418,0.5714798172566641,0.07157408731839304,0.0,0.02289960034310158,0.02179419817853665,0.04878895738213143,0.0,0.01346333952117316,0.25
49,window,137,0.06306597107131418,0.5714798172566641,0.07157408731839304,0.0,0.02289960034310158,0.02179419817853665,0.04878895738213143,0.0,0.01346333952117316,0.25
49,window,138,0.06306597107131418,0.5714798172566641,0.07157408731839304,0.0,0.02289960034310158,0.02179419817853665,0.04878895738213143,0.0,0.01346333952117316,0.25
49,window,139,0.06306597107131418,0.5714798172566641,0.07157408731839304,0.0,0.02289960034310158,0.02179419817853665,0.04878895738213143,0.0,0.01346333952117316,0.25
49,window,140,0.06306597107131418,0.5714798172566641,0.07157408731839304,0.0,0.02289960034310158,0.02179419817853665,0.04878895738213143,0.0,0.01346333952117316,0.25
49,window,141,0.06306597107131418,0.5714798172566641,0.07157408731839304,0.0,0.02289960034310158,0.02179419817853665,0.04878895738213143,0.0,0.01346333952117316,0.25
49,window,142,0.06306597107131418,0.5714798172566641,0.07157408731839304,0.0,0.02289960034310158,0.02179419817853665,0.04878895738213143,0.0,0.01346333952117316,0.25
49,window,143,0.06306597107131418,0.5714798172566641,0.07157408731839304,0.0,0.02289960034310158,0.02179419817853665,0.04878895738213143,0.0,0.01346333952117316,0.25
49,window,144,0.06306597107131418,0.5714798172566641,0.07157408731839304,0.0,0.02289960034310158,0.02179419817853665,0.04878895738213143,0.0,0.01346333952117316,0.25
49,window,145,0.06306597107131418,0.5714798172566641,0.07157408731839304,0.0,0.02289960034310158,0.02179419817853665,0.04878895738213143,0.0,0.01346333952117316,0.25
49,window,146,0.06306597107131418,0.5714798172566641,0.07157408731839304,0.0,0.02289960034310158,0.02179419817853665,0.04878895738213143,0.0,0.01346333952117316,0.25
49,window,147,0.06306597107131418,0.5714798172566641,0.07157408731839304,0.0,0.02289960034310158,0.02179419817853665,0.04878895738213143,0.0,0.01346333952117316,0.25
49,window,148,0.06306597107131418,0.6072500334203523,0.0,0.001734803179003853,0.08791517312650653,0.0,0.03269210821487321,0.0,0.02040788205926383,0.25
49,window,149,0.06306597107131418,0.6072500334203523,0.0,0.001734803179003853,0.08791517312650653,0.0,0.03269210821487321,0.0,0.02040788205926383,0.25
49,window,150,0.06306597107131418,0.6072500334203523,0.0,0.001734803179003853,0.08791517312650653,0.0,0.03269210821487321,0.0,0.02040788205926383,0.25
49,window,151,0.06306597107131418,0.6072500334203523,0.0,0.001734803179003853,0.08791517312650653,0.0,0.03269210821487321,0.0,0.02040788205926383,0.25
49,window,152,0.06306597107131418,0.6072500334203523,0.0,0.001734803179003853,0.08791517312650653,0.0,0.03269210821487321,0.0,0.02040788205926383,0.25
49,window,153,0.06306597107131418,0.6072500334203523,0.0,0.001734803179003853,0.08791517312650653,0.0,0.03269210821487321,0.0,0.02040788205926383,0.25
49,window,154,0.06306597107131418,0.6072500334203523,0.0,0.001734803179003853,0.08791517312650653,0.0,0.03269210821487321,0.0,0.02040788205926383,0.25
49,window,155,0.06306597107131418,0.6072500334203523,0.0,0.001734803179003853,0.08791517312650653,0.0,0.03269210821487321,0.0,0.02040788205926383,0.25
49,window,156,0.06306597107131418,0.6072500334203523,0.0,0.001734803179003853,0.08791517312650653,0.0,0.03269210821487321,0.0,0.02040788205926383,0.25
49,window,157,0.06306597107131418,0.6072500334203523,0.0,0.001734803179003853,0.08791517312650653,0.0,0.03269210821487321,0.0,0.02040788205926383,0.25
49,window,158,0.06306597107131418,0.6072500334203523,0.0,0.001734803179003853,0.08791517312650653,0.0,0.03269210821487321,0.0,0.02040788205926383,0.25
49,window,159,0.06306597107131418,0.6072500334203523,0.0,0.001734803179003853,0.08791517312650653,0.0,0.03269210821487321,0.0,0.02040788205926383,0.25
49,window,160,0.06306597107131418,0.6072500334203523,0.0,0.001734803179003853,0.08791517312650653,0.0,0.03269210821487321,0.0,0.02040788205926383,0.25
49,window,161,0.06306597107131418,0.6072500334203523,0.0,0.001734803179003853,0.08791517312650653,0.0,0.03269210821487321,0.0,0.02040788205926383,0.25
49,window,162,0.06306597107131418,0.6072500334203523,0.0,0.001734803179003853,0.08791517312650653,0.0,0.03269210821487321,0.0,0.02040788205926383,0.25
49,window,163,0.06306597107131418,0.6072500334203523,0.0,0.001734803179003853,0.08791517312650653,0.0,0.03269210821487321,0.0,0.02040788205926383,0.25
49,window,164,0.06306597107131418,0.6072500334203523,0.0,0.001734803179003853,0.08791517312650653,0.0,0.03269210821487321,0.0,0.02040788205926383,0.25
49,window,165,0.06306597107131418,0.6072500334203523,0.0,0.001734803179003853,0.08791517312650653,0.0,0.03269210821487321,0.0,0.02040788205926383,0.25
49,window,166,0.06306597107131418,0.6072500334203523,0.0,0.001734803179003853,0.08791517312650653,0.0,0.03269210821487321,0.0,0.02040788205926383,0.25
49,window,167,0.06306597107131418,0.6072500334203523,0.0,0.001734803179003853,0.08791517312650653,0.0,0.03269210821487321,0.0,0.02040788205926383,0.25
49,window,168,0.06306597107131418,0.6072500334203523,0.0,0.001734803179003853,0.08791517312650653,0.0,0.03269210821487321,0.0,0.02040788205926383,0.25
49,window,169,0.06306597107131418,0.6072500334203523,0.0,0.001734803179003853,0.08791517312650653,0.0,0.03269210821487321,0.0,0.02040788205926383,0.25
49,window,170,0.06306597107131418,0.6072500334203523,0.0,0.001734803179003853,0.08791517312650653,0.0,0.03269210821487321,0.0,0.02040788205926383,0.25
49,window,171,0.06306597107131418,0.6072500334203523,0.0,0.001734803179003853,0.08791517312650653,0.0,0.03269210821487321,0.0,0.02040788205926383,0.25
49,window,172,0.06306597107131418,0.6072500334203523,0.0,0.001734803179003853,0.08791517312650653,0.0,0.03269210821487321,0.0,0.02040788205926383,0.25
49,window,173,0.06306597107131418,0.6072500334203523,0.0,0.001734803179003853,0.08791517312650653,0.0,0.03269210821487321,0.0,0.02040788205926383,0.25
49,window,174,0.06306597107131418,0.6072500334203523,0.0,0.001734803179003853,0.08791517312650653,0.0,0.03269210821487321,0.0,0.02040788205926383,0.25
49,window,175,0.06306597107131418,0.6072500334203523,0.0,0.001734803179003853,0.08791517312650653,0.0,0.03269210821487321,0.0,0.02040788205926383,0.25
49,window,176,0.06306597107131418,0.6072500334203523,0.0,0.001734803179003853,0.08791517312650653,0.0,0.03269210821487321,0.0,0.02040788205926383,0.25
49,window,177,0.06306597107131418,0.6072500334203523,0.0,0.001734803179003853,0.08791517312650653,0.0,0.03269210821487321,0.0,0.02040788205926383,0.25
49,window,178,0.06306597107131418,0.6072500334203523,0.0,0.001734803179003853,0.08791517312650653,0.0,0.03269210821487321,0.0,0.02040788205926383,0.25
49,window,179,0.06306597107131418,0.6072500334203523,0.0,0.001734803179003853,0.08791517312650653,0.0,0.03269210821487321,0.0,0.02040788205926383,0.25
49,window,180,0.06306597107131418,0.6072500334203523,0.0,0.001734803179003853,0.08791517312650653,0.0,0.03269210821487321,0.0,0.02040788205926383,0.25
49,window,181,0.06306597107131418,0.6072500334203523,0.0,0.001734803179003853,0.08791517312650653,0.0,0.03269210821487321,0.0,0.02040788205926383,0.25
49,window,182,0.06306597107131418,0.6072500334203523,0.0,0.001734803179003853,0.08791517312650653,0.0,0.03269210821487321,0.0,0.02040788205926383,0.25
49,window,183,0.06306597107131418,0.6072500334203523,0.0,0.001734803179003853,0.08791517312650653,0.0,0.03269210821487321,0.0,0.02040788205926383,0.25
49,window,184,0.06306597107131418,0.6072500334203523,0.0,0.001734803179003853,0.08791517312650653,0.0,0.03269210821487321,0.0,0.02040788205926383,0.25
49,window,185,0.06306597107131418,0.6072500334203523,0.0,0.001734803179003853,0.08791517312650653,0.0,0.03269210821487321,0.0,0.02040788205926383,0.25
49,window,186,0.06306597107131418,0.6072500334203523,0.0,0.001734803179003853,0.08791517312650653,0.0,0.03269210821487321,0.0,0.02040788205926383,0.25
49,window,187,0.06306597107131418,0.6072500334203523,0.0,0.001734803179003853,0.08791517312650653,0.0,0.03269210821487321,0.0,0.02040788205926383,0.25
49,window,188,0.06306597107131418,0.6072500334203523,0.0,0.001734803179003853,0.08791517312650653,0.0,0.03269210821487321,0.0,0.02040788205926383,0.25
49,window,189,0.06306597107131418,0.6072500334203523,0.0,0.001734803179003853,0.08791517312650653,0.0,0.03269210821487321,0.0,0.02040788205926383,0.25
49,window,190,0.06306597107131418,0.6072500334203523,0.0,0.001734803179003853,0.08791517312650653,0.0,0.03269210821487321,0.0,0.02040788205926383,0.25
49,window,191,0.06306597107131418,0.6072500334203523,0.0,0.001734803179003853,0.08791517312650653,0.0,0.03269210821487321,0.0,0.02040788205926383,0.25
49,window,192,0.06306597107131418,0.6072500334203523,0.0,0.001734803179003853,0.08791517312650653,0.0,0.03269210821487321,0.0,0.02040788205926383,0.25
49,window,193,0.06306597107131418,0.6072500334203523,0.0,0.001734803179003853,0.08791517312650653,0.0,0.03269210821487321,0.0,0.02040788205926383,0.25
49,window,194,0.06306597107131418,0.6072500334203523,0.0,0.001734803179003853,0.08791517312650653,0.0,0.03269210821487321,0.0,0.02040788205926383,0.25
49,window,195,0.06306597107131418,0.6072500334203523,0.0,0.001734803179003853,0.08791517312650653,0.0,0.03269210821487321,0.0,0.02040788205926383,0.25
49,window,196,0.06306597107131418,0.6072500334203523,0.0,0.001734803179003853,0.08791517312650653,0.0,0.03269210821487321,0.0,0.02040788205926383,0.25
49,window,197,0.06306597107131418,0.6053411346574152,0.04014731269696883,0.0,0.0,0.0,0.0,0.0,0.104511552645616,0.25
49,window,198,0.06306597107131418,0.6053411346574152,0.04014731269696883,0.0,0.0,0.0,0.0,0.0,0.104511552645616,0.25
49,window,199,0.06306597107131418,0.6053411346574152,0.04014731269696883,0.0,0.0,0.0,0.0,0.0,0.104511552645616,0.25
49,window,200,0.06306597107131418,0.6053411346574152,0.04014731269696883,0.0,0.0,0.0,0.0,0.0,0.104511552645616,0.25
49,window,201,0.06306597107131418,0.6053411346574152,0.04014731269696883,0.0,0.0,0.0,0.0,0.0,0.104511552645616,0.25
84,window,1,0.042486974012075907,0.6303702950024686,0.0879251637770232,0.0,0.01159024096236893,0.0201143002581384,0.0,0.0,0.0,0.25
84,window,2,0.042486974012075907,0.6303702950024686,0.0879251637770232,0.0,0.01159024096236893,0.0201143002581384,0.0,0.0,0.0,0.25
84,window,3,0.042486974012075907,0.6303702950024686,0.0879251637770232,0.0,0.01159024096236893,0.0201143002581384,0.0,0.0,0.0,0.25
84,window,4,0.042486974012075907,0.6303702950024686,0.0879251637770232,0.0,0.01159024096236893,0.0201143002581384,0.0,0.0,0.0,0.25
84,window,5,0.042486974012075907,0.6303702950024686,0.0879251637770232,0.0,0.01159024096236893,0.0201143002581384,0.0,0.0,0.0,0.25
84,window,6,0.042486974012075907,0.6303702950024686,0.0879251637770232,0.0,0.01159024096236893,0.0201143002581384,0.0,0.0,0.0,0.25
84,window,7,0.042486974012075907,0.6303702950024686,0.0879251637770232,0.0,0.01159024096236893,0.0201143002581384,0.0,0.0,0.0,0.25
84,window,8,0.042486974012075907,0.6303702950024686,0.0879251637770232,0.0,0.01159024096236893,0.0201143002581384,0.0,0.0,0.0,0.25
84,window,9,0.042486974012075907,0.6303702950024686,0.0879251637770232,0.0,0.01159024096236893,0.0201143002581384,0.0,0.0,0.0,0.25
84,window,10,0.042486974012075907,0.6303702950024686,0.0879251637770232,0.0,0.01159024096236893,0.0201143002581384,0.0,0.0,0.0,0.25
84,window,11,0.042486974012075907,0.6303702950024686,0.0879251637770232,0.0,0.01159024096236893,0.0201143002581384,0.0,0.0,0.0,0.25
84,window,12,0.042486974012075907,0.6303702950024686,0.0879251637770232,0.0,0.01159024096236893,0.0201143002581384,0.0,0.0,0.0,0.25
84,window,13,0.042486974012075907,0.6303702950024686,0.0879251637770232,0.0,0.01159024096236893,0.0201143002581384,0.0,0.0,0.0,0.25
84,window,14,0.042486974012075907,0.6303702950024686,0.0879251637770232,0.0,0.01159024096236893,0.0201143002581384,0.0,0.0,0.0,0.25
84,window,15,0.042486974012075907,0.6303702950024686,0.0879251637770232,0.0,0.01159024096236893,0.0201143002581384,0.0,0.0,0.0,0.25
84,window,16,0.042486974012075907,0.6303702950024686,0.0879251637770232,0.0,0.01159024096236893,0.0201143002581384,0.0,0.0,0.0,0.25
84,window,17,0.042486974012075907,0.6303702950024686,0.0879251637770232,0.0,0.01159024096236893,0.0201143002581384,0.0,0.0,0.0,0.25
84,window,18,0.042486974012075907,0.6303702950024686,0.0879251637770232,0.0,0.01159024096236893,0.0201143002581384,0.0,0.0,0.0,0.25
84,window,19,0.042486974012075907,0.6303702950024686,0.0879251637770232,0.0,0.01159024096236893,0.0201143002581384,0.0,0.0,0.0,0.25
84,window,20,0.042486974012075907,0.6303702950024686,0.0879251637770232,0.0,0.01159024096236893,0.0201143002581384,0.0,0.0,0.0,0.25
84,window,21,0.042486974012075907,0.6303702950024686,0.0879251637770232,0.0,0.01159024096236893,0.0201143002581384,0.0,0.0,0.0,0.25
84,window,22,0.042486974012075907,0.6303702950024686,0.0879251637770232,0.0,0.01159024096236893,0.0201143002581384,0.0,0.0,0.0,0.25
84,window,23,0.042486974012075907,0.6303702950024686,0.0879251637770232,0.0,0.01159024096236893,0.0201143002581384,0.0,0.0,0.0,0.25
84,window,24,0.042486974012075907,0.6303702950024686,0.0879251637770232,0.0,0.01159024096236893,0.0201143002581384,0.0,0.0,0.0,0.25
84,window,25,0.042486974012075907,0.6303702950024686,0.0879251637770232,0.0,0.01159024096236893,0.0201143002581384,0.0,0.0,0.0,0.25
84,window,26,0.042486974012075907,0.6303702950024686,0.0879251637770232,0.0,0.01159024096236893,0.0201143002581384,0.0,0.0,0.0,0.25
84,window,27,0.042486974012075907,0.6303702950024686,0.0879251637770232,0.0,0.01159024096236893,0.0201143002581384,0.0,0.0,0.0,0.25
84,window,28,0.042486974012075907,0.6303702950024686,0.0879251637770232,0.0,0.01159024096236893,0.0201143002581384,0.0,0.0,0.0,0.25
84,window,29,0.042486974012075907,0.6303702950024686,0.0879251637770232,0.0,0.01159024096236893,0.0201143002581384,0.0,0.0,0.0,0.25
84,window,30,0.042486974012075907,0.6303702950024686,0.0879251637770232,0.0,0.01159024096236893,0.0201143002581384,0.0,0.0,0.0,0.25
84,window,31,0.042486974012075907,0.6303702950024686,0.0879251637770232,0.0,0.01159024096236893,0.0201143002581384,0.0,0.0,0.0,0.25
84,window,32,0.042486974012075907,0.6303702950024686,0.0879251637770232,0.0,0.01159024096236893,0.0201143002581384,0.0,0.0,0.0,0.25
84,window,33,0.042486974012075907,0.6303702950024686,0.0879251637770232,0.0,0.01159024096236893,0.0201143002581384,0.0,0.0,0.0,0.25
84,window,34,0.042486974012075907,0.6303702950024686,0.0879251637770232,0.0,0.01159024096236893,0.0201143002581384,0.0,0.0,0.0,0.25
84,window,35,0.042486974012075907,0.6303702950024686,0.0879251637770232,0.0,0.01159024096236893,0.0201143002581384,0.0,0.0,0.0,0.25
84,window,36,0.042486974012075907,0.6303702950024686,0.0879251637770232,0.0,0.01159024096236893,0.0201143002581384,0.0,0.0,0.0,0.25
84,window,37,0.042486974012075907,0.6303702950024686,0.0879251637770232,0.0,0.01159024096236893,0.0201143002581384,0.0,0.0,0.0,0.25
84,window,38,0.042486974012075907,0.6303702950024686,0.0879251637770232,0.0,0.01159024096236893,0.0201143002581384,0.0,0.0,0.0,0.25
84,window,39,0.042486974012075907,0.6303702950024686,0.0879251637770232,0.0,0.01159024096236893,0.0201143002581384,0.0,0.0,0.0,0.25
84,window,40,0.042486974012075907,0.6303702950024686,0.0879251637770232,0.0,0.01159024096236893,0.0201143002581384,0.0,0.0,0.0,0.25
84,window,41,0.042486974012075907,0.6303702950024686,0.0879251637770232,0.0,0.01159024096236893,0.0201143002581384,0.0,0.0,0.0,0.25
84,window,42,0.042486974012075907,0.6303702950024686,0.0879251637770232,0.0,0.01159024096236893,0.0201143002581384,0.0,0.0,0.0,0.25
84,window,43,0.042486974012075907,0.6303702950024686,0.0879251637770232,0.0,0.01159024096236893,0.0201143002581384,0.0,0.0,0.0,0.25
84,window,44,0.042486974012075907,0.6303702950024686,0.0879251637770232,0.0,0.01159024096236893,0.0201143002581384,0.0,0.0,0.0,0.25
84,window,45,0.042486974012075907,0.6303702950024686,0.0879251637770232,0.0,0.01159024096236893,0.0201143002581384,0.0,0.0,0.0,0.25
84,window,46,0.042486974012075907,0.6303702950024686,0.0879251637770232,0.0,0.01159024096236893,0.0201143002581384,0.0,0.0,0.0,0.25
84,window,47,0.042486974012075907,0.6303702950024686,0.0879251637770232,0.0,0.01159024096236893,0.0201143002581384,0.0,0.0,0.0,0.25
84,window,48,0.042486974012075907,0.6303702950024686,0.0879251637770232,0.0,0.01159024096236893,0.0201143002581384,0.0,0.0,0.0,0.25
84,window,49,0.042486974012075907,0.6303702950024686,0.0879251637770232,0.0,0.01159024096236893,0.0201143002581384,0.0,0.0,0.0,0.25
84,window,50,0.042486974012075907,0.6303702950024686,0.0879251637770232,0.0,0.01159024096236893,0.0201143002581384,0.0,0.0,0.0,0.25
84,window,51,0.042486974012075907,0.6303702950024686,0.0879251637770232,0.0,0.01159024096236893,0.0201143002581384,0.0,0.0,0.0,0.25
84,window,52,0.042486974012075907,0.6303702950024686,0.0879251637770232,0.0,0.01159024096236893,0.0201143002581384,0.0,0.0,0.0,0.25
84,window,53,0.042486974012075907,0.6303702950024686,0.0879251637770232,0.0,0.01159024096236893,0.0201143002581384,0.0,0.0,0.0,0.25
84,window,54,0.042486974012075907,0.6303702950024686,0.0879251637770232,0.0,0.01159024096236893,0.0201143002581384,0.0,0.0,0.0,0.25
84,window,55,0.042486974012075907,0.6303702950024686,0.0879251637770232,0.0,0.01159024096236893,0.0201143002581384,0.0,0.0,0.0,0.25
84,window,56,0.042486974012075907,0.6303702950024686,0.0879251637770232,0.0,0.01159024096236893,0.0201143002581384,0.0,0.0,0.0,0.25
84,window,57,0.042486974012075907,0.6303702950024686,0.0879251637770232,0.0,0.01159024096236893,0.0201143002581384,0.0,0.0,0.0,0.25
84,window,58,0.042486974012075907,0.6303702950024686,0.0879251637770232,0.0,0.01159024096236893,0.0201143002581384,0.0,0.0,0.0,0.25
84,window,59,0.042486974012075907,0.6303702950024686,0.0879251637770232,0.0,0.01159024096236893,0.0201143002581384,0.0,0.0,0.0,0.25
84,window,60,0.042486974012075907,0.6303702950024686,0.0879251637770232,0.0,0.01159024096236893,0.0201143002581384,0.0,0.0,0.0,0.25
84,window,61,0.042486974012075907,0.6303702950024686,0.0879251637770232,0.0,0.01159024096236893,0.0201143002581384,0.0,0.0,0.0,0.25
84,window,62,0.042486974012075907,0.6303702950024686,0.0879251637770232,0.0,0.01159024096236893,0.0201143002581384,0.0,0.0,0.0,0.25
84,window,63,0.042486974012075907,0.6303702950024686,0.0879251637770232,0.0,0.01159024096236893,0.0201143002581384,0.0,0.0,0.0,0.25
84,window,64,0.042486974012075907,0.6303702950024686,0.0879251637770232,0.0,0.01159024096236893,0.0201143002581384,0.0,0.0,0.0,0.25
84,window,65,0.042486974012075907,0.6303702950024686,0.0879251637770232,0.0,0.01159024096236893,0.0201143002581384,0.0,0.0,0.0,0.25
84,window,66,0.042486974012075907,0.6303702950024686,0.0879251637770232,0.0,0.01159024096236893,0.0201143002581384,0.0,0.0,0.0,0.25
84,window,67,0.042486974012075907,0.6303702950024686,0.0879251637770232,0.0,0.01159024096236893,0.0201143002581384,0.0,0.0,0.0,0.25
84,window,68,0.042486974012075907,0.6303702950024686,0.0879251637770232,0.0,0.01159024096236893,0.0201143002581384,0.0,0.0,0.0,0.25
84,window,69,0.042486974012075907,0.6303702950024686,0.0879251637770232,0.0,0.01159024096236893,0.0201143002581384,0.0,0.0,0.0,0.25
84,window,70,0.042486974012075907,0.6303702950024686,0.0879251637770232,0.0,0.01159024096236893,0.0201143002581384,0.0,0.0,0.0,0.25
84,window,71,0.042486974012075907,0.6303702950024686,0.0879251637770232,0.0,0.01159024096236893,0.0201143002581384,0.0,0.0,0.0,0.25
84,window,72,0.042486974012075907,0.6303702950024686,0.0879251637770232,0.0,0.01159024096236893,0.0201143002581384,0.0,0.0,0.0,0.25
84,window,73,0.042486974012075907,0.6303702950024686,0.0879251637770232,0.0,0.01159024096236893,0.0201143002581384,0.0,0.0,0.0,0.25
84,window,74,0.042486974012075907,0.6303702950024686,0.0879251637770232,0.0,0.01159024096236893,0.0201143002581384,0.0,0.0,0.0,0.25
84,window,75,0.042486974012075907,0.6303702950024686,0.0879251637770232,0.0,0.01159024096236893,0.0201143002581384,0.0,0.0,0.0,0.25
84,window,76,0.042486974012075907,0.6303702950024686,0.0879251637770232,0.0,0.01159024096236893,0.0201143002581384,0.0,0.0,0.0,0.25
84,window,77,0.042486974012075907,0.6303702950024686,0.0879251637770232,0.0,0.01159024096236893,0.0201143002581384,0.0,0.0,0.0,0.25
84,window,78,0.042486974012075907,0.6303702950024686,0.0879251637770232,0.0,0.01159024096236893,0.0201143002581384,0.0,0.0,0.0,0.25
84,window,79,0.042486974012075907,0.6303702950024686,0.0879251637770232,0.0,0.01159024096236893,0.0201143002581384,0.0,0.0,0.0,0.25
84,window,80,0.042486974012075907,0.6303702950024686,0.0879251637770232,0.0,0.01159024096236893,0.0201143002581384,0.0,0.0,0.0,0.25
84,window,81,0.042486974012075907,0.6303702950024686,0.0879251637770232,0.0,0.01159024096236893,0.0201143002581384,0.0,0.0,0.0,0.25
84,window,82,0.042486974012075907,0.6303702950024686,0.0879251637770232,0.0,0.01159024096236893,0.0201143002581384,0.0,0.0,0.0,0.25
84,window,83,0.042486974012075907,0.6303702950024686,0.0879251637770232,0.0,0.01159024096236893,0.0201143002581384,0.0,0.0,0.0,0.25
84,window,84,0.042486974012075907,0.6303702950024686,0.0879251637770232,0.0,0.01159024096236893,0.0201143002581384,0.0,0.0,0.0,0.25
84,window,85,0.042486974012075907,0.6411545954893395,0.01404001522967281,0.0,0.0,0.0,0.03266681166634534,0.0,0.06213857761464282,0.25
84,window,86,0.042486974012075907,0.6411545954893395,0.01404001522967281,0.0,0.0,0.0,0.03266681166634534,0.0,0.06213857761464282,0.25
84,window,87,0.042486974012075907,0.6411545954893395,0.01404001522967281,0.0,0.0,0.0,0.03266681166634534,0.0,0.06213857761464282,0.25
84,window,88,0.042486974012075907,0.6411545954893395,0.01404001522967281,0.0,0.0,0.0,0.03266681166634534,0.0,0.06213857761464282,0.25
84,window,89,0.042486974012075907,0.6411545954893395,0.01404001522967281,0.0,0.0,0.0,0.03266681166634534,0.0,0.06213857761464282,0.25
84,window,90,0.042486974012075907,0.6411545954893395,0.01404001522967281,0.0,0.0,0.0,0.03266681166634534,0.0,0.06213857761464282,0.25
84,window,91,0.042486974012075907,0.6411545954893395,0.01404001522967281,0.0,0.0,0.0,0.03266681166634534,0.0,0.06213857761464282,0.25
84,window,92,0.042486974012075907,0.6411545954893395,0.01404001522967281,0.0,0.0,0.0,0.03266681166634534,0.0,0.06213857761464282,0.25
84,window,93,0.042486974012075907,0.6411545954893395,0.01404001522967281,0.0,0.0,0.0,0.03266681166634534,0.0,0.06213857761464282,0.25
84,window,94,0.042486974012075907,0.6411545954893395,0.01404001522967281,0.0,0.0,0.0,0.03266681166634534,0.0,0.06213857761464282,0.25
84,window,95,0.042486974012075907,0.6411545954893395,0.01404001522967281,0.0,0.0,0.0,0.03266681166634534,0.0,0.06213857761464282,0.25
84,window,96,0.042486974012075907,0.6411545954893395,0.01404001522967281,0.0,0.0,0.0,0.03266681166634534,0.0,0.06213857761464282,0.25
84,window,97,0.042486974012075907,0.6411545954893395,0.01404001522967281,0.0,0.0,0.0,0.03266681166634534,0.0,0.06213857761464282,0.25
84,window,98,0.042486974012075907,0.6411545954893395,0.01404001522967281,0.0,0.0,0.0,0.03266681166634534,0.0,0.06213857761464282,0.25
84,window,99,0.042486974012075907,0.6411545954893395,0.01404001522967281,0.0,0.0,0.0,0.03266681166634534,0.0,0.06213857761464282,0.25
84,window,100,0.042486974012075907,0.6411545954893395,0.01404001522967281,0.0,0.0,0.0,0.03266681166634534,0.0,0.06213857761464282,0.25
84,window,101,0.042486974012075907,0.6411545954893395,0.01404001522967281,0.0,0.0,0.0,0.03266681166634534,0.0,0.06213857761464282,0.25
84,window,102,0.042486974012075907,0.6411545954893395,0.01404001522967281,0.0,0.0,0.0,0.03266681166634534,0.0,0.06213857761464282,0.25
84,window,103,0.042486974012075907,0.6411545954893395,0.01404001522967281,0.0,0.0,0.0,0.03266681166634534,0.0,0.06213857761464282,0.25
84,window,104,0.042486974012075907,0.6411545954893395,0.01404001522967281,0.0,0.0,0.0,0.03266681166634534,0.0,0.06213857761464282,0.25
84,window,105,0.042486974012075907,0.6411545954893395,0.01404001522967281,0.0,0.0,0.0,0.03266681166634534,0.0,0.06213857761464282,0.25
84,window,106,0.042486974012075907,0.6411545954893395,0.01404001522967281,0.0,0.0,0.0,0.03266681166634534,0.0,0.06213857761464282,0.25
84,window,107,0.042486974012075907,0.6411545954893395,0.01404001522967281,0.0,0.0,0.0,0.03266681166634534,0.0,0.06213857761464282,0.25
84,window,108,0.042486974012075907,0.6411545954893395,0.01404001522967281,0.0,0.0,0.0,0.03266681166634534,0.0,0.06213857761464282,0.25
84,window,109,0.042486974012075907,0.6411545954893395,0.01404001522967281,0.0,0.0,0.0,0.03266681166634534,0.0,0.06213857761464282,0.25
84,window,110,0.042486974012075907,0.6411545954893395,0.01404001522967281,0.0,0.0,0.0,0.03266681166634534,0.0,0.06213857761464282,0.25
84,window,111,0.042486974012075907,0.6411545954893395,0.01404001522967281,0.0,0.0,0.0,0.03266681166634534,0.0,0.06213857761464282,0.25
84,window,112,0.042486974012075907,0.6411545954893395,0.01404001522967281,0.0,0.0,0.0,0.03266681166634534,0.0,0.06213857761464282,0.25
84,window,113,0.042486974012075907,0.6411545954893395,0.01404001522967281,0.0,0.0,0.0,0.03266681166634534,0.0,0.06213857761464282,0.25
84,window,114,0.042486974012075907,0.6411545954893395,0.01404001522967281,0.0,0.0,0.0,0.03266681166634534,0.0,0.06213857761464282,0.25
84,window,115,0.042486974012075907,0.6411545954893395,0.01404001522967281,0.0,0.0,0.0,0.03266681166634534,0.0,0.06213857761464282,0.25
84,window,116,0.042486974012075907,0.6411545954893395,0.01404001522967281,0.0,0.0,0.0,0.03266681166634534,0.0,0.06213857761464282,0.25
84,window,117,0.042486974012075907,0.6411545954893395,0.01404001522967281,0.0,0.0,0.0,0.03266681166634534,0.0,0.06213857761464282,0.25
84,window,118,0.042486974012075907,0.6411545954893395,0.01404001522967281,0.0,0.0,0.0,0.03266681166634534,0.0,0.06213857761464282,0.25
84,window,119,0.042486974012075907,0.6411545954893395,0.01404001522967281,0.0,0.0,0.0,0.03266681166634534,0.0,0.06213857761464282,0.25
84,window,120,0.042486974012075907,0.6411545954893395,0.01404001522967281,0.0,0.0,0.0,0.03266681166634534,0.0,0.06213857761464282,0.25
84,window,121,0.042486974012075907,0.6411545954893395,0.01404001522967281,0.0,0.0,0.0,0.03266681166634534,0.0,0.06213857761464282,0.25
84,window,122,0.042486974012075907,0.6411545954893395,0.01404001522967281,0.0,0.0,0.0,0.03266681166634534,0.0,0.06213857761464282,0.25
84,window,123,0.042486974012075907,0.6411545954893395,0.01404001522967281,0.0,0.0,0.0,0.03266681166634534,0.0,0.06213857761464282,0.25
84,window,124,0.042486974012075907,0.6411545954893395,0.01404001522967281,0.0,0.0,0.0,0.03266681166634534,0.0,0.06213857761464282,0.25
84,window,125,0.042486974012075907,0.6411545954893395,0.01404001522967281,0.0,0.0,0.0,0.03266681166634534,0.0,0.06213857761464282,0.25
84,window,126,0.042486974012075907,0.6411545954893395,0.01404001522967281,0.0,0.0,0.0,0.03266681166634534,0.0,0.06213857761464282,0.25
84,window,127,0.042486974012075907,0.6411545954893395,0.01404001522967281,0.0,0.0,0.0,0.03266681166634534,0.0,0.06213857761464282,0.25
84,window,128,0.042486974012075907,0.6411545954893395,0.01404001522967281,0.0,0.0,0.0,0.03266681166634534,0.0,0.06213857761464282,0.25
84,window,129,0.042486974012075907,0.6411545954893395,0.01404001522967281,0.0,0.0,0.0,0.03266681166634534,0.0,0.06213857761464282,0.25
84,window,130,0.042486974012075907,0.6411545954893395,0.01404001522967281,0.0,0.0,0.0,0.03266681166634534,0.0,0.06213857761464282,0.25
84,window,131,0.042486974012075907,0.6411545954893395,0.01404001522967281,0.0,0.0,0.0,0.03266681166634534,0.0,0.06213857761464282,0.25
84,window,132,0.042486974012075907,0.6411545954893395,0.01404001522967281,0.0,0.0,0.0,0.03266681166634534,0.0,0.06213857761464282,0.25
84,window,133,0.042486974012075907,0.6411545954893395,0.01404001522967281,0.0,0.0,0.0,0.03266681166634534,0.0,0.06213857761464282,0.25
84,window,134,0.042486974012075907,0.6411545954893395,0.01404001522967281,0.0,0.0,0.0,0.03266681166634534,0.0,0.06213857761464282,0.25
84,window,135,0.042486974012075907,0.6411545954893395,0.01404001522967281,0.0,0.0,0.0,0.03266681166634534,0.0,0.06213857761464282,0.25
84,window,136,0.042486974012075907,0.6411545954893395,0.01404001522967281,0.0,0.0,0.0,0.03266681166634534,0.0,0.06213857761464282,0.25
84,window,137,0.042486974012075907,0.6411545954893395,0.01404001522967281,0.0,0.0,0.0,0.03266681166634534,0.0,0.06213857761464282,0.25
84,window,138,0.042486974012075907,0.6411545954893395,0.01404001522967281,0.0,0.0,0.0,0.03266681166634534,0.0,0.06213857761464282,0.25
84,window,139,0.042486974012075907,0.6411545954893395,0.01404001522967281,0.0,0.0,0.0,0.03266681166634534,0.0,0.06213857761464282,0.25
84,window,140,0.042486974012075907,0.6411545954893395,0.01404001522967281,0.0,0.0,0.0,0.03266681166634534,0.0,0.06213857761464282,0.25
84,window,141,0.042486974012075907,0.6411545954893395,0.01404001522967281,0.0,0.0,0.0,0.03266681166634534,0.0,0.06213857761464282,0.25
84,window,142,0.042486974012075907,0.6411545954893395,0.01404001522967281,0.0,0.0,0.0,0.03266681166634534,0.0,0.06213857761464282,0.25
84,window,143,0.042486974012075907,0.6411545954893395,0.01404001522967281,0.0,0.0,0.0,0.03266681166634534,0.0,0.06213857761464282,0.25
84,window,144,0.042486974012075907,0.6411545954893395,0.01404001522967281,0.0,0.0,0.0,0.03266681166634534,0.0,0.06213857761464282,0.25
84,window,145,0.042486974012075907,0.6411545954893395,0.01404001522967281,0.0,0.0,0.0,0.03266681166634534,0.0,0.06213857761464282,0.25
84,window,146,0.042486974012075907,0.6411545954893395,0.01404001522967281,0.0,0.0,0.0,0.03266681166634534,0.0,0.06213857761464282,0.25
84,window,147,0.042486974012075907,0.6411545954893395,0.01404001522967281,0.0,0.0,0.0,0.03266681166634534,0.0,0.06213857761464282,0.25
84,window,148,0.042486974012075907,0.6411545954893395,0.01404001522967281,0.0,0.0,0.0,0.03266681166634534,0.0,0.06213857761464282,0.25
84,window,149,0.042486974012075907,0.6411545954893395,0.01404001522967281,0.0,0.0,0.0,0.03266681166634534,0.0,0.06213857761464282,0.25
84,window,150,0.042486974012075907,0.6411545954893395,0.01404001522967281,0.0,0.0,0.0,0.03266681166634534,0.0,0.06213857761464282,0.25
84,window,151,0.042486974012075907,0.6411545954893395,0.01404001522967281,0.0,0.0,0.0,0.03266681166634534,0.0,0.06213857761464282,0.25
84,window,152,0.042486974012075907,0.6411545954893395,0.01404001522967281,0.0,0.0,0.0,0.03266681166634534,0.0,0.06213857761464282,0.25
84,window,153,0.042486974012075907,0.6411545954893395,0.01404001522967281,0.0,0.0,0.0,0.03266681166634534,0.0,0.06213857761464282,0.25
84,window,154,0.042486974012075907,0.6411545954893395,0.01404001522967281,0.0,0.0,0.0,0.03266681166634534,0.0,0.06213857761464282,0.25
84,window,155,0.042486974012075907,0.6411545954893395,0.01404001522967281,0.0,0.0,0.0,0.03266681166634534,0.0,0.06213857761464282,0.25
84,window,156,0.042486974012075907,0.6411545954893395,0.01404001522967281,0.0,0.0,0.0,0.03266681166634534,0.0,0.06213857761464282,0.25
84,window,157,0.042486974012075907,0.6411545954893395,0.01404001522967281,0.0,0.0,0.0,0.03266681166634534,0.0,0.06213857761464282,0.25
84,window,158,0.042486974012075907,0.6411545954893395,0.01404001522967281,0.0,0.0,0.0,0.03266681166634534,0.0,0.06213857761464282,0.25
84,window,159,0.042486974012075907,0.6411545954893395,0.01404001522967281,0.0,0.0,0.0,0.03266681166634534,0.0,0.06213857761464282,0.25
84,window,160,0.042486974012075907,0.6411545954893395,0.01404001522967281,0.0,0.0,0.0,0.03266681166634534,0.0,0.06213857761464282,0.25
84,window,161,0.042486974012075907,0.6411545954893395,0.01404001522967281,0.0,0.0,0.0,0.03266681166634534,0.0,0.06213857761464282,0.25
84,window,162,0.042486974012075907,0.6411545954893395,0.01404001522967281,0.0,0.0,0.0,0.03266681166634534,0.0,0.06213857761464282,0.25
84,window,163,0.042486974012075907,0.6411545954893395,0.01404001522967281,0.0,0.0,0.0,0.03266681166634534,0.0,0.06213857761464282,0.25
84,window,164,0.042486974012075907,0.6411545954893395,0.01404001522967281,0.0,0.0,0.0,0.03266681166634534,0.0,0.06213857761464282,0.25
84,window,165,0.042486974012075907,0.6411545954893395,0.01404001522967281,0.0,0.0,0.0,0.03266681166634534,0.0,0.06213857761464282,0.25
84,window,166,0.042486974012075907,0.6411545954893395,0.01404001522967281,0.0,0.0,0.0,0.03266681166634534,0.0,0.06213857761464282,0.25
